set foreign_key_checks=0;
--
-- Database: `fuliduobao`
--

-- --------------------------------------------------------

--
-- 表的结构 `db_announcements`
--

CREATE TABLE IF NOT EXISTS `db_announcements` (
  `message_id` int(11) unsigned NOT NULL,
  `title` varchar(255) NOT NULL,
  `message_url` varchar(255) NOT NULL DEFAULT '',
  `create_time` timestamp NOT NULL DEFAULT CURRENT_TIMESTAMP,
  `start_time` timestamp NOT NULL DEFAULT '0000-00-00 00:00:00',
  `end_time` timestamp NOT NULL DEFAULT '0000-00-00 00:00:00',
  `read_count` int(11) NOT NULL DEFAULT '0',
  `is_for_all` tinyint(1) NOT NULL DEFAULT '0'
) ENGINE=InnoDB DEFAULT CHARSET=utf8 COMMENT='global internal message';

-- --------------------------------------------------------

--
-- 表的结构 `db_announcement_receiver`
--

CREATE TABLE IF NOT EXISTS `db_announcement_receiver` (
  `message_id` int(11) unsigned NOT NULL,
  `receiver_id` int(11) unsigned NOT NULL,
  `is_delete` tinyint(1) NOT NULL DEFAULT '0',
  `is_shift_delete` tinyint(1) NOT NULL DEFAULT '0',
  `is_marked` tinyint(1) NOT NULL DEFAULT '0' COMMENT 'is marked by receiver or not',
  `is_read` tinyint(1) NOT NULL DEFAULT '0' COMMENT '0:unread 1:read'
) ENGINE=InnoDB DEFAULT CHARSET=utf8 COMMENT='global internal message link';

-- --------------------------------------------------------

--
-- 表的结构 `db_announcement_user_link`
--

CREATE TABLE IF NOT EXISTS `db_announcement_user_link` (
  `message_id` int(11) unsigned NOT NULL,
  `user_id` int(11) unsigned NOT NULL
) ENGINE=InnoDB DEFAULT CHARSET=utf8 COMMENT='internal message';

-- --------------------------------------------------------

--
-- 表的结构 `db_balance_log`
--

CREATE TABLE IF NOT EXISTS `db_balance_log` (
  `log_id` int(11) unsigned NOT NULL,
  `account_id` int(11) unsigned NOT NULL,
  `payment_serial_num` varchar(255) NOT NULL DEFAULT '',
  `title` varchar(255) NOT NULL DEFAULT '' COMMENT 'log title for trade descrition',
  `operator` varchar(255) NOT NULL DEFAULT '',
  `type` tinyint(3) unsigned NOT NULL COMMENT '1:recharge , 2:withdraw ,3:payment ,4:point,5:comission',
  `money` decimal(20,3) NOT NULL,
  `balance` decimal(20,3) NOT NULL,
  `time` timestamp NOT NULL DEFAULT CURRENT_TIMESTAMP,
  `note` varchar(255) NOT NULL DEFAULT '',
  `is_in` tinyint(1) NOT NULL
) ENGINE=InnoDB DEFAULT CHARSET=utf8 COMMENT='balance log table';

-- --------------------------------------------------------

--
-- 表的结构 `db_banks`
--

CREATE TABLE IF NOT EXISTS `db_banks` (
  `bank_id` int(11) unsigned NOT NULL,
  `bank` varchar(25) NOT NULL,
  `is_active` tinyint(1) NOT NULL DEFAULT '1'
) ENGINE=InnoDB DEFAULT CHARSET=utf8 COMMENT='banks table';

-- --------------------------------------------------------

--
-- 表的结构 `db_cart_items`
--

CREATE TABLE IF NOT EXISTS `db_cart_items` (
  `item_id` int(11) unsigned NOT NULL,
  `user_id` int(11) unsigned NOT NULL,
  `product_id` int(11) unsigned NOT NULL,
  `amount` smallint(8) NOT NULL DEFAULT '0',
  `image_url` varchar(255) NOT NULL DEFAULT '',
  `title` varchar(255) NOT NULL DEFAULT '',
  `timestamp` timestamp NOT NULL DEFAULT CURRENT_TIMESTAMP
) ENGINE=InnoDB DEFAULT CHARSET=utf8 COMMENT='cart product association table';

-- --------------------------------------------------------

--
-- 表的结构 `db_categories`
--

CREATE TABLE IF NOT EXISTS `db_categories` (
  `category_id` int(11) unsigned NOT NULL,
  `category` varchar(255) NOT NULL,
  `parent_id` int(11) unsigned NOT NULL DEFAULT '0',
  `position` smallint(5) unsigned NOT NULL DEFAULT '0',
  `weight` int(11) unsigned NOT NULL DEFAULT '0'
) ENGINE=InnoDB AUTO_INCREMENT=15 DEFAULT CHARSET=utf8 COMMENT='all categories defined by system';

--
-- 转存表中的数据 `db_categories`
--

INSERT INTO `db_categories` (`category_id`, `category`, `parent_id`, `position`, `weight`) VALUES
(1, '手机平板', 0, 0, 0),
(2, '汽车摩托', 0, 0, 0),
(3, '电脑办公', 0, 0, 0),
(4, '钟表首饰', 0, 0, 0),
(5, '家用电器', 0, 0, 0),
(6, '护理美妆', 0, 0, 0),
(7, '虚拟商品', 0, 0, 0),
(8, '食品生鲜', 0, 0, 0),
(9, '奢侈品', 0, 0, 0),
(10, '日常家居', 0, 0, 0),
(11, '数码影音', 0, 0, 0),
(12, '营养保健', 0, 0, 0),
(13, '运动户外', 0, 0, 0),
(14, '其他商品', 0, 0, 0);

-- --------------------------------------------------------

--
-- 表的结构 `db_cities`
--

CREATE TABLE IF NOT EXISTS `db_cities` (
  `city_id` int(11) unsigned NOT NULL,
  `state_id` int(11) unsigned NOT NULL,
  `city` varchar(255) NOT NULL,
  `position` smallint(5) unsigned NOT NULL DEFAULT '0',
  `is_active` tinyint(1) NOT NULL DEFAULT '1'
) ENGINE=InnoDB AUTO_INCREMENT=8204 DEFAULT CHARSET=utf8;

--
-- 转存表中的数据 `db_cities`
--

INSERT INTO `db_cities` (`city_id`, `state_id`, `city`, `position`, `is_active`) VALUES
(1101, 11, '北京市', 0, 1),
(1201, 12, '天津市', 0, 1),
(1301, 13, '石家庄市', 0, 1),
(1302, 13, '唐山市', 0, 1),
(1303, 13, '秦皇岛市', 0, 1),
(1304, 13, '邯郸市', 0, 1),
(1305, 13, '邢台市', 0, 1),
(1306, 13, '保定市', 0, 1),
(1307, 13, '张家口市', 0, 1),
(1308, 13, '承德市', 0, 1),
(1309, 13, '沧州市', 0, 1),
(1310, 13, '廊坊市', 0, 1),
(1311, 13, '衡水市', 0, 1),
(1401, 14, '太原市', 0, 1),
(1402, 14, '大同市', 0, 1),
(1403, 14, '阳泉市', 0, 1),
(1404, 14, '长治市', 0, 1),
(1405, 14, '晋城市', 0, 1),
(1406, 14, '朔州市', 0, 1),
(1407, 14, '晋中市', 0, 1),
(1408, 14, '运城市', 0, 1),
(1409, 14, '忻州市', 0, 1),
(1410, 14, '临汾市', 0, 1),
(1411, 14, '吕梁市', 0, 1),
(1501, 15, '呼和浩特市', 0, 1),
(1502, 15, '包头市', 0, 1),
(1503, 15, '乌海市', 0, 1),
(1504, 15, '赤峰市', 0, 1),
(1505, 15, '通辽市', 0, 1),
(1506, 15, '鄂尔多斯市', 0, 1),
(1507, 15, '呼伦贝尔市', 0, 1),
(1508, 15, '巴彦淖尔市', 0, 1),
(1509, 15, '乌兰察布市', 0, 1),
(1522, 15, '兴安盟', 0, 1),
(1525, 15, '锡林郭勒盟', 0, 1),
(1529, 15, '阿拉善盟', 0, 1),
(2101, 21, '沈阳市', 0, 1),
(2102, 21, '大连市', 0, 1),
(2103, 21, '鞍山市', 0, 1),
(2104, 21, '抚顺市', 0, 1),
(2105, 21, '本溪市', 0, 1),
(2106, 21, '丹东市', 0, 1),
(2107, 21, '锦州市', 0, 1),
(2108, 21, '营口市', 0, 1),
(2109, 21, '阜新市', 0, 1),
(2110, 21, '辽阳市', 0, 1),
(2111, 21, '盘锦市', 0, 1),
(2112, 21, '铁岭市', 0, 1),
(2113, 21, '朝阳市', 0, 1),
(2114, 21, '葫芦岛市', 0, 1),
(2115, 21, '金普新区', 0, 1),
(2201, 22, '长春市', 0, 1),
(2202, 22, '吉林市', 0, 1),
(2203, 22, '四平市', 0, 1),
(2204, 22, '辽源市', 0, 1),
(2205, 22, '通化市', 0, 1),
(2206, 22, '白山市', 0, 1),
(2207, 22, '松原市', 0, 1),
(2208, 22, '白城市', 0, 1),
(2224, 22, '延边朝鲜族自治州', 0, 1),
(2301, 23, '哈尔滨市', 0, 1),
(2302, 23, '齐齐哈尔市', 0, 1),
(2303, 23, '鸡西市', 0, 1),
(2304, 23, '鹤岗市', 0, 1),
(2305, 23, '双鸭山市', 0, 1),
(2306, 23, '大庆市', 0, 1),
(2307, 23, '伊春市', 0, 1),
(2308, 23, '佳木斯市', 0, 1),
(2309, 23, '七台河市', 0, 1),
(2310, 23, '牡丹江市', 0, 1),
(2311, 23, '黑河市', 0, 1),
(2312, 23, '绥化市', 0, 1),
(2327, 23, '大兴安岭地区', 0, 1),
(3101, 31, '上海市', 0, 1),
(3201, 32, '南京市', 0, 1),
(3202, 32, '无锡市', 0, 1),
(3203, 32, '徐州市', 0, 1),
(3204, 32, '常州市', 0, 1),
(3205, 32, '苏州市', 0, 1),
(3206, 32, '南通市', 0, 1),
(3207, 32, '连云港市', 0, 1),
(3208, 32, '淮安市', 0, 1),
(3209, 32, '盐城市', 0, 1),
(3210, 32, '扬州市', 0, 1),
(3211, 32, '镇江市', 0, 1),
(3212, 32, '泰州市', 0, 1),
(3213, 32, '宿迁市', 0, 1),
(3301, 33, '杭州市', 0, 1),
(3302, 33, '宁波市', 0, 1),
(3303, 33, '温州市', 0, 1),
(3304, 33, '嘉兴市', 0, 1),
(3305, 33, '湖州市', 0, 1),
(3306, 33, '绍兴市', 0, 1),
(3307, 33, '金华市', 0, 1),
(3308, 33, '衢州市', 0, 1),
(3309, 33, '舟山市', 0, 1),
(3310, 33, '台州市', 0, 1),
(3311, 33, '丽水市', 0, 1),
(3312, 33, '舟山群岛新区', 0, 1),
(3401, 34, '合肥市', 0, 1),
(3402, 34, '芜湖市', 0, 1),
(3403, 34, '蚌埠市', 0, 1),
(3404, 34, '淮南市', 0, 1),
(3405, 34, '马鞍山市', 0, 1),
(3406, 34, '淮北市', 0, 1),
(3407, 34, '铜陵市', 0, 1),
(3408, 34, '安庆市', 0, 1),
(3410, 34, '黄山市', 0, 1),
(3411, 34, '滁州市', 0, 1),
(3412, 34, '阜阳市', 0, 1),
(3413, 34, '宿州市', 0, 1),
(3415, 34, '六安市', 0, 1),
(3416, 34, '亳州市', 0, 1),
(3417, 34, '池州市', 0, 1),
(3418, 34, '宣城市', 0, 1),
(3501, 35, '福州市', 0, 1),
(3502, 35, '厦门市', 0, 1),
(3503, 35, '莆田市', 0, 1),
(3504, 35, '三明市', 0, 1),
(3505, 35, '泉州市', 0, 1),
(3506, 35, '漳州市', 0, 1),
(3507, 35, '南平市', 0, 1),
(3508, 35, '龙岩市', 0, 1),
(3509, 35, '宁德市', 0, 1),
(3601, 36, '南昌市', 0, 1),
(3602, 36, '景德镇市', 0, 1),
(3603, 36, '萍乡市', 0, 1),
(3604, 36, '九江市', 0, 1),
(3605, 36, '新余市', 0, 1),
(3606, 36, '鹰潭市', 0, 1),
(3607, 36, '赣州市', 0, 1),
(3608, 36, '吉安市', 0, 1),
(3609, 36, '宜春市', 0, 1),
(3610, 36, '抚州市', 0, 1),
(3611, 36, '上饶市', 0, 1),
(3701, 37, '济南市', 0, 1),
(3702, 37, '青岛市', 0, 1),
(3703, 37, '淄博市', 0, 1),
(3704, 37, '枣庄市', 0, 1),
(3705, 37, '东营市', 0, 1),
(3706, 37, '烟台市', 0, 1),
(3707, 37, '潍坊市', 0, 1),
(3708, 37, '济宁市', 0, 1),
(3709, 37, '泰安市', 0, 1),
(3710, 37, '威海市', 0, 1),
(3711, 37, '日照市', 0, 1),
(3712, 37, '莱芜市', 0, 1),
(3713, 37, '临沂市', 0, 1),
(3714, 37, '德州市', 0, 1),
(3715, 37, '聊城市', 0, 1),
(3716, 37, '滨州市', 0, 1),
(3717, 37, '菏泽市', 0, 1),
(4101, 41, '郑州市', 0, 1),
(4102, 41, '开封市', 0, 1),
(4103, 41, '洛阳市', 0, 1),
(4104, 41, '平顶山市', 0, 1),
(4105, 41, '安阳市', 0, 1),
(4106, 41, '鹤壁市', 0, 1),
(4107, 41, '新乡市', 0, 1),
(4108, 41, '焦作市', 0, 1),
(4109, 41, '濮阳市', 0, 1),
(4110, 41, '许昌市', 0, 1),
(4111, 41, '漯河市', 0, 1),
(4112, 41, '三门峡市', 0, 1),
(4113, 41, '南阳市', 0, 1),
(4114, 41, '商丘市', 0, 1),
(4115, 41, '信阳市', 0, 1),
(4116, 41, '周口市', 0, 1),
(4117, 41, '驻马店市', 0, 1),
(4190, 41, '直辖县级', 0, 1),
(4201, 42, '武汉市', 0, 1),
(4202, 42, '黄石市', 0, 1),
(4203, 42, '十堰市', 0, 1),
(4205, 42, '宜昌市', 0, 1),
(4206, 42, '襄阳市', 0, 1),
(4207, 42, '鄂州市', 0, 1),
(4208, 42, '荆门市', 0, 1),
(4209, 42, '孝感市', 0, 1),
(4210, 42, '荆州市', 0, 1),
(4211, 42, '黄冈市', 0, 1),
(4212, 42, '咸宁市', 0, 1),
(4213, 42, '随州市', 0, 1),
(4228, 42, '恩施土家族苗族自治州', 0, 1),
(4290, 42, '直辖县级', 0, 1),
(4301, 43, '长沙市', 0, 1),
(4302, 43, '株洲市', 0, 1),
(4303, 43, '湘潭市', 0, 1),
(4304, 43, '衡阳市', 0, 1),
(4305, 43, '邵阳市', 0, 1),
(4306, 43, '岳阳市', 0, 1),
(4307, 43, '常德市', 0, 1),
(4308, 43, '张家界市', 0, 1),
(4309, 43, '益阳市', 0, 1),
(4310, 43, '郴州市', 0, 1),
(4311, 43, '永州市', 0, 1),
(4312, 43, '怀化市', 0, 1),
(4313, 43, '娄底市', 0, 1),
(4331, 43, '湘西土家族苗族自治州', 0, 1),
(4401, 44, '广州市', 0, 1),
(4402, 44, '韶关市', 0, 1),
(4403, 44, '深圳市', 0, 1),
(4404, 44, '珠海市', 0, 1),
(4405, 44, '汕头市', 0, 1),
(4406, 44, '佛山市', 0, 1),
(4407, 44, '江门市', 0, 1),
(4408, 44, '湛江市', 0, 1),
(4409, 44, '茂名市', 0, 1),
(4412, 44, '肇庆市', 0, 1),
(4413, 44, '惠州市', 0, 1),
(4414, 44, '梅州市', 0, 1),
(4415, 44, '汕尾市', 0, 1),
(4416, 44, '河源市', 0, 1),
(4417, 44, '阳江市', 0, 1),
(4418, 44, '清远市', 0, 1),
(4419, 44, '东莞市', 0, 1),
(4420, 44, '中山市', 0, 1),
(4451, 44, '潮州市', 0, 1),
(4452, 44, '揭阳市', 0, 1),
(4453, 44, '云浮市', 0, 1),
(4501, 45, '南宁市', 0, 1),
(4502, 45, '柳州市', 0, 1),
(4503, 45, '桂林市', 0, 1),
(4504, 45, '梧州市', 0, 1),
(4505, 45, '北海市', 0, 1),
(4506, 45, '防城港市', 0, 1),
(4507, 45, '钦州市', 0, 1),
(4508, 45, '贵港市', 0, 1),
(4509, 45, '玉林市', 0, 1),
(4510, 45, '百色市', 0, 1),
(4511, 45, '贺州市', 0, 1),
(4512, 45, '河池市', 0, 1),
(4513, 45, '来宾市', 0, 1),
(4514, 45, '崇左市', 0, 1),
(4601, 46, '海口市', 0, 1),
(4602, 46, '三亚市', 0, 1),
(4603, 46, '三沙市', 0, 1),
(4690, 46, '直辖县级', 0, 1),
(5001, 50, '重庆市', 0, 1),
(5003, 50, '两江新区', 0, 1),
(5101, 51, '成都市', 0, 1),
(5103, 51, '自贡市', 0, 1),
(5104, 51, '攀枝花市', 0, 1),
(5105, 51, '泸州市', 0, 1),
(5106, 51, '德阳市', 0, 1),
(5107, 51, '绵阳市', 0, 1),
(5108, 51, '广元市', 0, 1),
(5109, 51, '遂宁市', 0, 1),
(5110, 51, '内江市', 0, 1),
(5111, 51, '乐山市', 0, 1),
(5113, 51, '南充市', 0, 1),
(5114, 51, '眉山市', 0, 1),
(5115, 51, '宜宾市', 0, 1),
(5116, 51, '广安市', 0, 1),
(5117, 51, '达州市', 0, 1),
(5118, 51, '雅安市', 0, 1),
(5119, 51, '巴中市', 0, 1),
(5120, 51, '资阳市', 0, 1),
(5132, 51, '阿坝藏族羌族自治州', 0, 1),
(5133, 51, '甘孜藏族自治州', 0, 1),
(5134, 51, '凉山彝族自治州', 0, 1),
(5201, 52, '贵阳市', 0, 1),
(5202, 52, '六盘水市', 0, 1),
(5203, 52, '遵义市', 0, 1),
(5204, 52, '安顺市', 0, 1),
(5205, 52, '毕节市', 0, 1),
(5206, 52, '铜仁市', 0, 1),
(5223, 52, '黔西南布依族苗族自治州', 0, 1),
(5226, 52, '黔东南苗族侗族自治州', 0, 1),
(5227, 52, '黔南布依族苗族自治州', 0, 1),
(5301, 53, '昆明市', 0, 1),
(5303, 53, '曲靖市', 0, 1),
(5304, 53, '玉溪市', 0, 1),
(5305, 53, '保山市', 0, 1),
(5306, 53, '昭通市', 0, 1),
(5307, 53, '丽江市', 0, 1),
(5308, 53, '普洱市', 0, 1),
(5309, 53, '临沧市', 0, 1),
(5323, 53, '楚雄彝族自治州', 0, 1),
(5325, 53, '红河哈尼族彝族自治州', 0, 1),
(5326, 53, '文山壮族苗族自治州', 0, 1),
(5328, 53, '西双版纳傣族自治州', 0, 1),
(5329, 53, '大理白族自治州', 0, 1),
(5331, 53, '德宏傣族景颇族自治州', 0, 1),
(5333, 53, '怒江傈僳族自治州', 0, 1),
(5334, 53, '迪庆藏族自治州', 0, 1),
(5401, 54, '拉萨市', 0, 1),
(5402, 54, '日喀则市', 0, 1),
(5403, 54, '昌都市', 0, 1),
(5422, 54, '山南地区', 0, 1),
(5424, 54, '那曲地区', 0, 1),
(5425, 54, '阿里地区', 0, 1),
(5426, 54, '林芝地区', 0, 1),
(6101, 61, '西安市', 0, 1),
(6102, 61, '铜川市', 0, 1),
(6103, 61, '宝鸡市', 0, 1),
(6104, 61, '咸阳市', 0, 1),
(6105, 61, '渭南市', 0, 1),
(6106, 61, '延安市', 0, 1),
(6107, 61, '汉中市', 0, 1),
(6108, 61, '榆林市', 0, 1),
(6109, 61, '安康市', 0, 1),
(6110, 61, '商洛市', 0, 1),
(6111, 61, '西咸新区', 0, 1),
(6201, 62, '兰州市', 0, 1),
(6202, 62, '嘉峪关市', 0, 1),
(6203, 62, '金昌市', 0, 1),
(6204, 62, '白银市', 0, 1),
(6205, 62, '天水市', 0, 1),
(6206, 62, '武威市', 0, 1),
(6207, 62, '张掖市', 0, 1),
(6208, 62, '平凉市', 0, 1),
(6209, 62, '酒泉市', 0, 1),
(6210, 62, '庆阳市', 0, 1),
(6211, 62, '定西市', 0, 1),
(6212, 62, '陇南市', 0, 1),
(6229, 62, '临夏回族自治州', 0, 1),
(6230, 62, '甘南藏族自治州', 0, 1),
(6301, 63, '西宁市', 0, 1),
(6302, 63, '海东市', 0, 1),
(6322, 63, '海北藏族自治州', 0, 1),
(6323, 63, '黄南藏族自治州', 0, 1),
(6325, 63, '海南藏族自治州', 0, 1),
(6326, 63, '果洛藏族自治州', 0, 1),
(6327, 63, '玉树藏族自治州', 0, 1),
(6328, 63, '海西蒙古族藏族自治州', 0, 1),
(6401, 64, '银川市', 0, 1),
(6402, 64, '石嘴山市', 0, 1),
(6403, 64, '吴忠市', 0, 1),
(6404, 64, '固原市', 0, 1),
(6405, 64, '中卫市', 0, 1),
(6501, 65, '乌鲁木齐市', 0, 1),
(6502, 65, '克拉玛依市', 0, 1),
(6521, 65, '吐鲁番地区', 0, 1),
(6522, 65, '哈密地区', 0, 1),
(6523, 65, '昌吉回族自治州', 0, 1),
(6527, 65, '博尔塔拉蒙古自治州', 0, 1),
(6528, 65, '巴音郭楞蒙古自治州', 0, 1),
(6529, 65, '阿克苏地区', 0, 1),
(6530, 65, '克孜勒苏柯尔克孜自治州', 0, 1),
(6531, 65, '喀什地区', 0, 1),
(6532, 65, '和田地区', 0, 1),
(6540, 65, '伊犁哈萨克自治州', 0, 1),
(6542, 65, '塔城地区', 0, 1),
(6543, 65, '阿勒泰地区', 0, 1),
(6590, 65, '直辖县级', 0, 1),
(7101, 71, '台北市', 0, 1),
(7102, 71, '高雄市', 0, 1),
(7103, 71, '基隆市', 0, 1),
(7104, 71, '台中市', 0, 1),
(7105, 71, '台南市', 0, 1),
(7106, 71, '新竹市', 0, 1),
(7107, 71, '嘉义市', 0, 1),
(7108, 71, '新北市', 0, 1),
(7122, 71, '宜兰县', 0, 1),
(7123, 71, '桃园县', 0, 1),
(7124, 71, '新竹县', 0, 1),
(7125, 71, '苗栗县', 0, 1),
(7127, 71, '彰化县', 0, 1),
(7128, 71, '南投县', 0, 1),
(7129, 71, '云林县', 0, 1),
(7130, 71, '嘉义县', 0, 1),
(7133, 71, '屏东县', 0, 1),
(7134, 71, '台东县', 0, 1),
(7135, 71, '花莲县', 0, 1),
(7136, 71, '澎湖县', 0, 1),
(7137, 71, '金门县', 0, 1),
(7138, 71, '连江县', 0, 1),
(8101, 81, '香港岛', 0, 1),
(8102, 81, '九龙', 0, 1),
(8103, 81, '新界', 0, 1),
(8201, 82, '澳门半岛', 0, 1),
(8202, 82, '氹仔岛', 0, 1),
(8203, 82, '路环岛', 0, 1);

-- --------------------------------------------------------

--
-- 表的结构 `db_countries`
--

CREATE TABLE IF NOT EXISTS `db_countries` (
  `country_id` int(11) unsigned NOT NULL,
  `country_code` varchar(255) NOT NULL,
  `country` varchar(255) NOT NULL,
  `position` smallint(5) unsigned NOT NULL DEFAULT '0',
  `is_active` tinyint(1) NOT NULL DEFAULT '1'
) ENGINE=InnoDB AUTO_INCREMENT=2 DEFAULT CHARSET=utf8;

--
-- 转存表中的数据 `db_countries`
--

INSERT INTO `db_countries` (`country_id`, `country_code`, `country`, `position`, `is_active`) VALUES
(1, 'CN', '中国', 0, 1);

-- --------------------------------------------------------

--
-- 表的结构 `db_deliver_addrs`
--

CREATE TABLE IF NOT EXISTS `db_deliver_addrs` (
  `deliverAddr_id` int(11) unsigned NOT NULL,
  `user_id` int(11) unsigned NOT NULL,
  `name` varchar(255) NOT NULL COMMENT 'receiver name',
  `phone` varchar(32) NOT NULL DEFAULT '',
  `country` varchar(32) NOT NULL DEFAULT '',
  `state` varchar(32) NOT NULL DEFAULT '',
  `city` varchar(32) NOT NULL DEFAULT '',
  `region` varchar(32) NOT NULL DEFAULT '',
  `addr_detail` varchar(255) NOT NULL DEFAULT '',
  `zipCode` varchar(32) NOT NULL DEFAULT '',
  `is_default` tinyint(1) NOT NULL DEFAULT '0' COMMENT '1:is default, 0:not'
) ENGINE=InnoDB DEFAULT CHARSET=utf8 COMMENT='deliver address';

-- --------------------------------------------------------

--
-- 表的结构 `db_financial_account`
--

CREATE TABLE IF NOT EXISTS `db_financial_account` (
  `account_id` int(11) unsigned NOT NULL,
  `user_id` int(11) unsigned NOT NULL,
  `balance` decimal(20,2) NOT NULL DEFAULT '0.00' COMMENT 'available balance',
  `commission_money` decimal(20,2) NOT NULL DEFAULT '0.00' COMMENT 'available balance',
  `points` int(11) NOT NULL DEFAULT '0'
) ENGINE=InnoDB AUTO_INCREMENT=2 DEFAULT CHARSET=utf8 COMMENT='financial account table';

--
-- 转存表中的数据 `db_financial_account`
--

INSERT INTO `db_financial_account` (`account_id`, `user_id`, `balance`, `commission_money`, `points`) VALUES
(1, 1, 0.00, 0.00, 0);

-- --------------------------------------------------------

--
-- 表的结构 `db_login_history`
--

CREATE TABLE IF NOT EXISTS `db_login_history` (
  `history_id` int(11) unsigned NOT NULL,
  `user_id` int(11) unsigned NOT NULL,
  `login_time` timestamp NOT NULL DEFAULT CURRENT_TIMESTAMP,
  `login_ip` varchar(255) NOT NULL DEFAULT ''
) ENGINE=InnoDB AUTO_INCREMENT=4 DEFAULT CHARSET=utf8 COMMENT='user login history';

--
-- 转存表中的数据 `db_login_history`
--

INSERT INTO `db_login_history` (`history_id`, `user_id`, `login_time`, `login_ip`) VALUES
(1, 1, '2016-09-01 10:30:09', '127.0.0.1'),
(2, 1, '2016-09-02 05:47:00', '0:0:0:0:0:0:0:1'),
(3, 1, '2016-09-02 05:57:59', '0:0:0:0:0:0:0:1');

-- --------------------------------------------------------

--
-- 表的结构 `db_oauth_login`
--

CREATE TABLE IF NOT EXISTS `db_oauth_login` (
  `login_id` int(11) unsigned NOT NULL,
  `oauth_id` varchar(255) NOT NULL,
  `user_id` int(11) unsigned NOT NULL,
  `oauth_name` varchar(255) NOT NULL,
  `oauth_access_token` varchar(255) NOT NULL,
  `oauth_expires` varchar(255) NOT NULL
) ENGINE=InnoDB DEFAULT CHARSET=utf8;

-- --------------------------------------------------------

--
-- 表的结构 `db_orders`
--

CREATE TABLE IF NOT EXISTS `db_orders` (
  `order_id` int(11) unsigned NOT NULL,
  `order_serialNum` varchar(255) NOT NULL DEFAULT '' COMMENT 'order serial number',
  `term_id` int(11) unsigned NOT NULL,
  `user_id` int(11) unsigned NOT NULL,
  `payment_order_id` int(11) unsigned NOT NULL DEFAULT '0',
  `create_time` timestamp NOT NULL DEFAULT CURRENT_TIMESTAMP COMMENT 'time that order created',
  `pay_time` timestamp NOT NULL DEFAULT '0000-00-00 00:00:00' COMMENT 'time that buyer pays the order',
  `total_price` decimal(20,2) NOT NULL COMMENT 'total price',
  `is_paid` tinyint(1) NOT NULL DEFAULT '0',
  `is_lucky_order` tinyint(1) NOT NULL DEFAULT '0',
  `product_title` varchar(255) NOT NULL DEFAULT '',
  `product_image` varchar(255) NOT NULL DEFAULT '',
  `product_price` decimal(20,2) NOT NULL DEFAULT '0.00'
) ENGINE=InnoDB AUTO_INCREMENT=4 DEFAULT CHARSET=utf8 COMMENT='order main table';

--
-- 转存表中的数据 `db_orders`
--

INSERT INTO `db_orders` (`order_id`, `order_serialNum`, `term_id`, `user_id`, `payment_order_id`, `create_time`, `pay_time`, `total_price`, `is_paid`, `is_lucky_order`, `product_title`, `product_image`, `product_price`) VALUES
(1, '102150201', 1, 1, 1, '2016-09-03 03:01:36', '2016-09-03 03:01:36', 5.00, 1, 1, '阿斯顿赶到', 'http://dev.cookabuy.com/group1/M00/02/C2/wKgL6FfJU6CAabP3AAimqgcmM9w45.file', 12.00),
(2, '516516sdfasdg', 2, 1, 2, '2016-09-03 03:03:43', '2016-09-03 03:03:43', 3.00, 1, 0, '阿斯顿赶到', 'http://dev.cookabuy.com/group1/M00/02/C2/wKgL6FfJU6CAabP3AAimqgcmM9w45.file', 12.00),
(3, '', 3, 1, 3, '2016-09-03 03:05:02', '2016-09-03 03:05:02', 5.00, 1, 1, '阿斯顿赶到', 'http://dev.cookabuy.com/group1/M00/02/C2/wKgL6FfJU6CAabP3AAimqgcmM9w45.file', 12.00);

-- --------------------------------------------------------

--
-- 表的结构 `db_order_numbers`
--

CREATE TABLE IF NOT EXISTS `db_order_numbers` (
  `number_id` int(11) unsigned NOT NULL,
  `order_id` int(11) unsigned NOT NULL,
  `term_id` int(11) unsigned NOT NULL,
  `user_id` int(11) unsigned NOT NULL,
  `number` int(11) unsigned NOT NULL,
  `is_lucky_number` tinyint(1) NOT NULL DEFAULT '0'
) ENGINE=InnoDB AUTO_INCREMENT=14 DEFAULT CHARSET=utf8;

--
-- 转存表中的数据 `db_order_numbers`
--

INSERT INTO `db_order_numbers` (`number_id`, `order_id`, `term_id`, `user_id`, `number`, `is_lucky_number`) VALUES
(1, 1, 1, 1, 100001010, 1),
(2, 1, 1, 1, 100001011, 0),
(3, 1, 1, 1, 100001012, 0),
(4, 1, 1, 1, 100001013, 0),
(5, 1, 1, 1, 100001014, 0),
(6, 2, 2, 1, 100001512, 0),
(7, 2, 2, 1, 100001513, 0),
(8, 2, 2, 1, 100001514, 0),
(9, 3, 3, 1, 100002015, 1),
(10, 3, 3, 1, 100002016, 0),
(11, 3, 3, 1, 100002017, 0),
(12, 3, 3, 1, 100002018, 0),
(13, 3, 3, 1, 100002019, 0);

-- --------------------------------------------------------

--
-- 表的结构 `db_payments`
--

CREATE TABLE IF NOT EXISTS `db_payments` (
  `payment_id` int(11) unsigned NOT NULL,
  `payment` varchar(255) NOT NULL COMMENT 'payment name',
  `unit` varchar(255) NOT NULL DEFAULT '',
  `platform` varchar(255) NOT NULL DEFAULT '',
  `is_online` tinyint(1) NOT NULL,
  `is_active` tinyint(1) NOT NULL DEFAULT '1' COMMENT '1 active , 0 unable',
  `strategy_class_name` varchar(255) NOT NULL
) ENGINE=InnoDB DEFAULT CHARSET=utf8 COMMENT='payment table';

-- --------------------------------------------------------

--
-- 表的结构 `db_payment_orders`
--

CREATE TABLE IF NOT EXISTS `db_payment_orders` (
  `payment_order_id` int(11) unsigned NOT NULL,
  `user_id` int(11) unsigned NOT NULL,
  `payment_id` int(11) unsigned NOT NULL DEFAULT '0',
  `payment_serial_num` varchar(255) NOT NULL,
  `transaction_id` varchar(255) NOT NULL DEFAULT '',
  `money` decimal(20,2) NOT NULL DEFAULT '0.00',
  `transaction_type` enum('payment','recharge') NOT NULL,
  `is_completed` tinyint(1) NOT NULL DEFAULT '0' COMMENT '1:completed 0:not completed',
  `is_active` tinyint(1) NOT NULL DEFAULT '1',
  `timestamp` timestamp NOT NULL DEFAULT CURRENT_TIMESTAMP
) ENGINE=InnoDB DEFAULT CHARSET=utf8 COMMENT='payment order table';

-- --------------------------------------------------------

--
-- 表的结构 `db_permissions`
--

CREATE TABLE IF NOT EXISTS `db_permissions` (
  `permission_id` int(11) unsigned NOT NULL,
  `permission` varchar(255) NOT NULL,
  `tag` varchar(255) NOT NULL DEFAULT '',
  `name` varchar(255) NOT NULL,
  `is_active` tinyint(1) NOT NULL DEFAULT '1'
) ENGINE=InnoDB AUTO_INCREMENT=6 DEFAULT CHARSET=utf8 COMMENT='permission table';

--
-- 转存表中的数据 `db_permissions`
--

INSERT INTO `db_permissions` (`permission_id`, `permission`, `tag`, `name`, `is_active`) VALUES
(1, 'backend:home', '', '后台首页', 1),
(2, 'backend:userManage', '后台_用户管理', '后台_用户管理', 1),
(3, 'backend:roleManage', '后台_角色管理', '后台_角色管理', 1),
(4, 'backend:permissionManage', '后台_权限管理', '后台_权限管理', 1),
(5, 'backend:productManage', '', '后台|_产品管理', 1);

-- --------------------------------------------------------

--
-- 表的结构 `db_products`
--

CREATE TABLE IF NOT EXISTS `db_products` (
  `product_id` int(11) unsigned NOT NULL,
  `is_active` tinyint(1) NOT NULL DEFAULT '0',
  `timestamp` timestamp NOT NULL DEFAULT CURRENT_TIMESTAMP,
  `market_price` decimal(20,2) NOT NULL DEFAULT '0.00',
  `price` decimal(20,2) NOT NULL DEFAULT '0.00',
  `title` varchar(255) NOT NULL DEFAULT '',
  `description` varchar(255) NOT NULL DEFAULT ''
) ENGINE=InnoDB AUTO_INCREMENT=3 DEFAULT CHARSET=utf8 COMMENT='product info';

--
-- 转存表中的数据 `db_products`
--

INSERT INTO `db_products` (`product_id`, `is_active`, `timestamp`, `market_price`, `price`, `title`, `description`) VALUES
(2, 0, '2016-09-02 10:27:22', 11.00, 12.00, '阿斯顿赶到', 'http://dev.cookabuy.com/group1/M00/02/C2/wKgL6FfJVBaAXevaAAAAACCrWYs88.file');

-- --------------------------------------------------------

--
-- 表的结构 `db_products_categories_link`
--

CREATE TABLE IF NOT EXISTS `db_products_categories_link` (
  `product_id` int(11) unsigned NOT NULL,
  `category_id` int(11) unsigned NOT NULL,
  `is_primary` tinyint(1) NOT NULL DEFAULT '0'
) ENGINE=InnoDB DEFAULT CHARSET=utf8 COMMENT='association table for product and system defined categories';

--
-- 转存表中的数据 `db_products_categories_link`
--

INSERT INTO `db_products_categories_link` (`product_id`, `category_id`, `is_primary`) VALUES
(2, 1, 0);

-- --------------------------------------------------------

--
-- 表的结构 `db_product_images_link`
--

CREATE TABLE IF NOT EXISTS `db_product_images_link` (
  `link_id` int(11) unsigned NOT NULL,
  `product_id` int(11) unsigned NOT NULL,
  `image_url` varchar(255) NOT NULL DEFAULT '',
  `is_master` tinyint(1) NOT NULL DEFAULT '0'
) ENGINE=InnoDB AUTO_INCREMENT=4 DEFAULT CHARSET=utf8 COMMENT='association table for product and it''s image';

--
-- 转存表中的数据 `db_product_images_link`
--

INSERT INTO `db_product_images_link` (`link_id`, `product_id`, `image_url`, `is_master`) VALUES
(1, 2, 'http://dev.cookabuy.com/group1/M00/02/C2/wKgL6FfJU6CAabP3AAimqgcmM9w45.file', 0),
(2, 2, 'http://dev.cookabuy.com/group1/M00/02/C2/wKgL6FfJU6eAKeByAAm7mytKkqg20.file', 0),
(3, 2, 'http://dev.cookabuy.com/group1/M00/02/C2/wKgL6FfJU6yATo5XAAeyKDv6vcA34.file', 0);

-- --------------------------------------------------------

--
-- 表的结构 `db_regions`
--

CREATE TABLE IF NOT EXISTS `db_regions` (
  `region_id` int(11) unsigned NOT NULL,
  `city_id` int(11) unsigned NOT NULL,
  `region` varchar(255) NOT NULL,
  `position` smallint(5) unsigned NOT NULL DEFAULT '0',
  `is_active` tinyint(1) NOT NULL DEFAULT '1'
) ENGINE=InnoDB AUTO_INCREMENT=820302 DEFAULT CHARSET=utf8;

--
-- 转存表中的数据 `db_regions`
--

INSERT INTO `db_regions` (`region_id`, `city_id`, `region`, `position`, `is_active`) VALUES
(110101, 1101, '东城区', 0, 1),
(110102, 1101, '西城区', 0, 1),
(110105, 1101, '朝阳区', 0, 1),
(110106, 1101, '丰台区', 0, 1),
(110107, 1101, '石景山区', 0, 1),
(110108, 1101, '海淀区', 0, 1),
(110109, 1101, '门头沟区', 0, 1),
(110111, 1101, '房山区', 0, 1),
(110112, 1101, '通州区', 0, 1),
(110113, 1101, '顺义区', 0, 1),
(110114, 1101, '昌平区', 0, 1),
(110115, 1101, '大兴区', 0, 1),
(110116, 1101, '怀柔区', 0, 1),
(110117, 1101, '平谷区', 0, 1),
(110228, 1101, '密云县', 0, 1),
(110229, 1101, '延庆县', 0, 1),
(120101, 1201, '和平区', 0, 1),
(120102, 1201, '河东区', 0, 1),
(120103, 1201, '河西区', 0, 1),
(120104, 1201, '南开区', 0, 1),
(120105, 1201, '河北区', 0, 1),
(120106, 1201, '红桥区', 0, 1),
(120110, 1201, '东丽区', 0, 1),
(120111, 1201, '西青区', 0, 1),
(120112, 1201, '津南区', 0, 1),
(120113, 1201, '北辰区', 0, 1),
(120114, 1201, '武清区', 0, 1),
(120115, 1201, '宝坻区', 0, 1),
(120116, 1201, '滨海新区', 0, 1),
(120221, 1201, '宁河县', 0, 1),
(120223, 1201, '静海县', 0, 1),
(120225, 1201, '蓟县', 0, 1),
(130102, 1301, '长安区', 0, 1),
(130104, 1301, '桥西区', 0, 1),
(130105, 1301, '新华区', 0, 1),
(130107, 1301, '井陉矿区', 0, 1),
(130108, 1301, '裕华区', 0, 1),
(130109, 1301, '藁城区', 0, 1),
(130110, 1301, '鹿泉区', 0, 1),
(130111, 1301, '栾城区', 0, 1),
(130121, 1301, '井陉县', 0, 1),
(130123, 1301, '正定县', 0, 1),
(130125, 1301, '行唐县', 0, 1),
(130126, 1301, '灵寿县', 0, 1),
(130127, 1301, '高邑县', 0, 1),
(130128, 1301, '深泽县', 0, 1),
(130129, 1301, '赞皇县', 0, 1),
(130130, 1301, '无极县', 0, 1),
(130131, 1301, '平山县', 0, 1),
(130132, 1301, '元氏县', 0, 1),
(130133, 1301, '赵县', 0, 1),
(130181, 1301, '辛集市', 0, 1),
(130183, 1301, '晋州市', 0, 1),
(130184, 1301, '新乐市', 0, 1),
(130202, 1302, '路南区', 0, 1),
(130203, 1302, '路北区', 0, 1),
(130204, 1302, '古冶区', 0, 1),
(130205, 1302, '开平区', 0, 1),
(130207, 1302, '丰南区', 0, 1),
(130208, 1302, '丰润区', 0, 1),
(130209, 1302, '曹妃甸区', 0, 1),
(130223, 1302, '滦县', 0, 1),
(130224, 1302, '滦南县', 0, 1),
(130225, 1302, '乐亭县', 0, 1),
(130227, 1302, '迁西县', 0, 1),
(130229, 1302, '玉田县', 0, 1),
(130281, 1302, '遵化市', 0, 1),
(130283, 1302, '迁安市', 0, 1),
(130302, 1303, '海港区', 0, 1),
(130303, 1303, '山海关区', 0, 1),
(130304, 1303, '北戴河区', 0, 1),
(130321, 1303, '青龙满族自治县', 0, 1),
(130322, 1303, '昌黎县', 0, 1),
(130323, 1303, '抚宁县', 0, 1),
(130324, 1303, '卢龙县', 0, 1),
(130402, 1304, '邯山区', 0, 1),
(130403, 1304, '丛台区', 0, 1),
(130404, 1304, '复兴区', 0, 1),
(130406, 1304, '峰峰矿区', 0, 1),
(130421, 1304, '邯郸县', 0, 1),
(130423, 1304, '临漳县', 0, 1),
(130424, 1304, '成安县', 0, 1),
(130425, 1304, '大名县', 0, 1),
(130426, 1304, '涉县', 0, 1),
(130427, 1304, '磁县', 0, 1),
(130428, 1304, '肥乡县', 0, 1),
(130429, 1304, '永年县', 0, 1),
(130430, 1304, '邱县', 0, 1),
(130431, 1304, '鸡泽县', 0, 1),
(130432, 1304, '广平县', 0, 1),
(130433, 1304, '馆陶县', 0, 1),
(130434, 1304, '魏县', 0, 1),
(130435, 1304, '曲周县', 0, 1),
(130481, 1304, '武安市', 0, 1),
(130502, 1305, '桥东区', 0, 1),
(130503, 1305, '桥西区', 0, 1),
(130521, 1305, '邢台县', 0, 1),
(130522, 1305, '临城县', 0, 1),
(130523, 1305, '内丘县', 0, 1),
(130524, 1305, '柏乡县', 0, 1),
(130525, 1305, '隆尧县', 0, 1),
(130526, 1305, '任县', 0, 1),
(130527, 1305, '南和县', 0, 1),
(130528, 1305, '宁晋县', 0, 1),
(130529, 1305, '巨鹿县', 0, 1),
(130530, 1305, '新河县', 0, 1),
(130531, 1305, '广宗县', 0, 1),
(130532, 1305, '平乡县', 0, 1),
(130533, 1305, '威县', 0, 1),
(130534, 1305, '清河县', 0, 1),
(130535, 1305, '临西县', 0, 1),
(130581, 1305, '南宫市', 0, 1),
(130582, 1305, '沙河市', 0, 1),
(130602, 1306, '新市区', 0, 1),
(130603, 1306, '北市区', 0, 1),
(130604, 1306, '南市区', 0, 1),
(130621, 1306, '满城县', 0, 1),
(130622, 1306, '清苑县', 0, 1),
(130623, 1306, '涞水县', 0, 1),
(130624, 1306, '阜平县', 0, 1),
(130625, 1306, '徐水县', 0, 1),
(130626, 1306, '定兴县', 0, 1),
(130627, 1306, '唐县', 0, 1),
(130628, 1306, '高阳县', 0, 1),
(130629, 1306, '容城县', 0, 1),
(130630, 1306, '涞源县', 0, 1),
(130631, 1306, '望都县', 0, 1),
(130632, 1306, '安新县', 0, 1),
(130633, 1306, '易县', 0, 1),
(130634, 1306, '曲阳县', 0, 1),
(130635, 1306, '蠡县', 0, 1),
(130636, 1306, '顺平县', 0, 1),
(130637, 1306, '博野县', 0, 1),
(130638, 1306, '雄县', 0, 1),
(130681, 1306, '涿州市', 0, 1),
(130682, 1306, '定州市', 0, 1),
(130683, 1306, '安国市', 0, 1),
(130684, 1306, '高碑店市', 0, 1),
(130702, 1307, '桥东区', 0, 1),
(130703, 1307, '桥西区', 0, 1),
(130705, 1307, '宣化区', 0, 1),
(130706, 1307, '下花园区', 0, 1),
(130721, 1307, '宣化县', 0, 1),
(130722, 1307, '张北县', 0, 1),
(130723, 1307, '康保县', 0, 1),
(130724, 1307, '沽源县', 0, 1),
(130725, 1307, '尚义县', 0, 1),
(130726, 1307, '蔚县', 0, 1),
(130727, 1307, '阳原县', 0, 1),
(130728, 1307, '怀安县', 0, 1),
(130729, 1307, '万全县', 0, 1),
(130730, 1307, '怀来县', 0, 1),
(130731, 1307, '涿鹿县', 0, 1),
(130732, 1307, '赤城县', 0, 1),
(130733, 1307, '崇礼县', 0, 1),
(130802, 1308, '双桥区', 0, 1),
(130803, 1308, '双滦区', 0, 1),
(130804, 1308, '鹰手营子矿区', 0, 1),
(130821, 1308, '承德县', 0, 1),
(130822, 1308, '兴隆县', 0, 1),
(130823, 1308, '平泉县', 0, 1),
(130824, 1308, '滦平县', 0, 1),
(130825, 1308, '隆化县', 0, 1),
(130826, 1308, '丰宁满族自治县', 0, 1),
(130827, 1308, '宽城满族自治县', 0, 1),
(130828, 1308, '围场满族蒙古族自治县', 0, 1),
(130902, 1309, '新华区', 0, 1),
(130903, 1309, '运河区', 0, 1),
(130921, 1309, '沧县', 0, 1),
(130922, 1309, '青县', 0, 1),
(130923, 1309, '东光县', 0, 1),
(130924, 1309, '海兴县', 0, 1),
(130925, 1309, '盐山县', 0, 1),
(130926, 1309, '肃宁县', 0, 1),
(130927, 1309, '南皮县', 0, 1),
(130928, 1309, '吴桥县', 0, 1),
(130929, 1309, '献县', 0, 1),
(130930, 1309, '孟村回族自治县', 0, 1),
(130981, 1309, '泊头市', 0, 1),
(130982, 1309, '任丘市', 0, 1),
(130983, 1309, '黄骅市', 0, 1),
(130984, 1309, '河间市', 0, 1),
(131002, 1310, '安次区', 0, 1),
(131003, 1310, '广阳区', 0, 1),
(131022, 1310, '固安县', 0, 1),
(131023, 1310, '永清县', 0, 1),
(131024, 1310, '香河县', 0, 1),
(131025, 1310, '大城县', 0, 1),
(131026, 1310, '文安县', 0, 1),
(131028, 1310, '大厂回族自治县', 0, 1),
(131081, 1310, '霸州市', 0, 1),
(131082, 1310, '三河市', 0, 1),
(131102, 1311, '桃城区', 0, 1),
(131121, 1311, '枣强县', 0, 1),
(131122, 1311, '武邑县', 0, 1),
(131123, 1311, '武强县', 0, 1),
(131124, 1311, '饶阳县', 0, 1),
(131125, 1311, '安平县', 0, 1),
(131126, 1311, '故城县', 0, 1),
(131127, 1311, '景县', 0, 1),
(131128, 1311, '阜城县', 0, 1),
(131181, 1311, '冀州市', 0, 1),
(131182, 1311, '深州市', 0, 1),
(140105, 1401, '小店区', 0, 1),
(140106, 1401, '迎泽区', 0, 1),
(140107, 1401, '杏花岭区', 0, 1),
(140108, 1401, '尖草坪区', 0, 1),
(140109, 1401, '万柏林区', 0, 1),
(140110, 1401, '晋源区', 0, 1),
(140121, 1401, '清徐县', 0, 1),
(140122, 1401, '阳曲县', 0, 1),
(140123, 1401, '娄烦县', 0, 1),
(140181, 1401, '古交市', 0, 1),
(140202, 1402, '城区', 0, 1),
(140203, 1402, '矿区', 0, 1),
(140211, 1402, '南郊区', 0, 1),
(140212, 1402, '新荣区', 0, 1),
(140221, 1402, '阳高县', 0, 1),
(140222, 1402, '天镇县', 0, 1),
(140223, 1402, '广灵县', 0, 1),
(140224, 1402, '灵丘县', 0, 1),
(140225, 1402, '浑源县', 0, 1),
(140226, 1402, '左云县', 0, 1),
(140227, 1402, '大同县', 0, 1),
(140302, 1403, '城区', 0, 1),
(140303, 1403, '矿区', 0, 1),
(140311, 1403, '郊区', 0, 1),
(140321, 1403, '平定县', 0, 1),
(140322, 1403, '盂县', 0, 1),
(140402, 1404, '城区', 0, 1),
(140411, 1404, '郊区', 0, 1),
(140421, 1404, '长治县', 0, 1),
(140423, 1404, '襄垣县', 0, 1),
(140424, 1404, '屯留县', 0, 1),
(140425, 1404, '平顺县', 0, 1),
(140426, 1404, '黎城县', 0, 1),
(140427, 1404, '壶关县', 0, 1),
(140428, 1404, '长子县', 0, 1),
(140429, 1404, '武乡县', 0, 1),
(140430, 1404, '沁县', 0, 1),
(140431, 1404, '沁源县', 0, 1),
(140481, 1404, '潞城市', 0, 1),
(140502, 1405, '城区', 0, 1),
(140521, 1405, '沁水县', 0, 1),
(140522, 1405, '阳城县', 0, 1),
(140524, 1405, '陵川县', 0, 1),
(140525, 1405, '泽州县', 0, 1),
(140581, 1405, '高平市', 0, 1),
(140602, 1406, '朔城区', 0, 1),
(140603, 1406, '平鲁区', 0, 1),
(140621, 1406, '山阴县', 0, 1),
(140622, 1406, '应县', 0, 1),
(140623, 1406, '右玉县', 0, 1),
(140624, 1406, '怀仁县', 0, 1),
(140702, 1407, '榆次区', 0, 1),
(140721, 1407, '榆社县', 0, 1),
(140722, 1407, '左权县', 0, 1),
(140723, 1407, '和顺县', 0, 1),
(140724, 1407, '昔阳县', 0, 1),
(140725, 1407, '寿阳县', 0, 1),
(140726, 1407, '太谷县', 0, 1),
(140727, 1407, '祁县', 0, 1),
(140728, 1407, '平遥县', 0, 1),
(140729, 1407, '灵石县', 0, 1),
(140781, 1407, '介休市', 0, 1),
(140802, 1408, '盐湖区', 0, 1),
(140821, 1408, '临猗县', 0, 1),
(140822, 1408, '万荣县', 0, 1),
(140823, 1408, '闻喜县', 0, 1),
(140824, 1408, '稷山县', 0, 1),
(140825, 1408, '新绛县', 0, 1),
(140826, 1408, '绛县', 0, 1),
(140827, 1408, '垣曲县', 0, 1),
(140828, 1408, '夏县', 0, 1),
(140829, 1408, '平陆县', 0, 1),
(140830, 1408, '芮城县', 0, 1),
(140881, 1408, '永济市', 0, 1),
(140882, 1408, '河津市', 0, 1),
(140902, 1409, '忻府区', 0, 1),
(140921, 1409, '定襄县', 0, 1),
(140922, 1409, '五台县', 0, 1),
(140923, 1409, '代县', 0, 1),
(140924, 1409, '繁峙县', 0, 1),
(140925, 1409, '宁武县', 0, 1),
(140926, 1409, '静乐县', 0, 1),
(140927, 1409, '神池县', 0, 1),
(140928, 1409, '五寨县', 0, 1),
(140929, 1409, '岢岚县', 0, 1),
(140930, 1409, '河曲县', 0, 1),
(140931, 1409, '保德县', 0, 1),
(140932, 1409, '偏关县', 0, 1),
(140981, 1409, '原平市', 0, 1),
(141002, 1410, '尧都区', 0, 1),
(141021, 1410, '曲沃县', 0, 1),
(141022, 1410, '翼城县', 0, 1),
(141023, 1410, '襄汾县', 0, 1),
(141024, 1410, '洪洞县', 0, 1),
(141025, 1410, '古县', 0, 1),
(141026, 1410, '安泽县', 0, 1),
(141027, 1410, '浮山县', 0, 1),
(141028, 1410, '吉县', 0, 1),
(141029, 1410, '乡宁县', 0, 1),
(141030, 1410, '大宁县', 0, 1),
(141031, 1410, '隰县', 0, 1),
(141032, 1410, '永和县', 0, 1),
(141033, 1410, '蒲县', 0, 1),
(141034, 1410, '汾西县', 0, 1),
(141081, 1410, '侯马市', 0, 1),
(141082, 1410, '霍州市', 0, 1),
(141102, 1411, '离石区', 0, 1),
(141121, 1411, '文水县', 0, 1),
(141122, 1411, '交城县', 0, 1),
(141123, 1411, '兴县', 0, 1),
(141124, 1411, '临县', 0, 1),
(141125, 1411, '柳林县', 0, 1),
(141126, 1411, '石楼县', 0, 1),
(141127, 1411, '岚县', 0, 1),
(141128, 1411, '方山县', 0, 1),
(141129, 1411, '中阳县', 0, 1),
(141130, 1411, '交口县', 0, 1),
(141181, 1411, '孝义市', 0, 1),
(141182, 1411, '汾阳市', 0, 1),
(150102, 1501, '新城区', 0, 1),
(150103, 1501, '回民区', 0, 1),
(150104, 1501, '玉泉区', 0, 1),
(150105, 1501, '赛罕区', 0, 1),
(150121, 1501, '土默特左旗', 0, 1),
(150122, 1501, '托克托县', 0, 1),
(150123, 1501, '和林格尔县', 0, 1),
(150124, 1501, '清水河县', 0, 1),
(150125, 1501, '武川县', 0, 1),
(150202, 1502, '东河区', 0, 1),
(150203, 1502, '昆都仑区', 0, 1),
(150204, 1502, '青山区', 0, 1),
(150205, 1502, '石拐区', 0, 1),
(150206, 1502, '白云鄂博矿区', 0, 1),
(150207, 1502, '九原区', 0, 1),
(150221, 1502, '土默特右旗', 0, 1),
(150222, 1502, '固阳县', 0, 1),
(150223, 1502, '达尔罕茂明安联合旗', 0, 1),
(150302, 1503, '海勃湾区', 0, 1),
(150303, 1503, '海南区', 0, 1),
(150304, 1503, '乌达区', 0, 1),
(150402, 1504, '红山区', 0, 1),
(150403, 1504, '元宝山区', 0, 1),
(150404, 1504, '松山区', 0, 1),
(150421, 1504, '阿鲁科尔沁旗', 0, 1),
(150422, 1504, '巴林左旗', 0, 1),
(150423, 1504, '巴林右旗', 0, 1),
(150424, 1504, '林西县', 0, 1),
(150425, 1504, '克什克腾旗', 0, 1),
(150426, 1504, '翁牛特旗', 0, 1),
(150428, 1504, '喀喇沁旗', 0, 1),
(150429, 1504, '宁城县', 0, 1),
(150430, 1504, '敖汉旗', 0, 1),
(150502, 1505, '科尔沁区', 0, 1),
(150521, 1505, '科尔沁左翼中旗', 0, 1),
(150522, 1505, '科尔沁左翼后旗', 0, 1),
(150523, 1505, '开鲁县', 0, 1),
(150524, 1505, '库伦旗', 0, 1),
(150525, 1505, '奈曼旗', 0, 1),
(150526, 1505, '扎鲁特旗', 0, 1),
(150581, 1505, '霍林郭勒市', 0, 1),
(150602, 1506, '东胜区', 0, 1),
(150621, 1506, '达拉特旗', 0, 1),
(150622, 1506, '准格尔旗', 0, 1),
(150623, 1506, '鄂托克前旗', 0, 1),
(150624, 1506, '鄂托克旗', 0, 1),
(150625, 1506, '杭锦旗', 0, 1),
(150626, 1506, '乌审旗', 0, 1),
(150627, 1506, '伊金霍洛旗', 0, 1),
(150702, 1507, '海拉尔区', 0, 1),
(150703, 1507, '扎赉诺尔区', 0, 1),
(150721, 1507, '阿荣旗', 0, 1),
(150722, 1507, '莫力达瓦达斡尔族自治旗', 0, 1),
(150723, 1507, '鄂伦春自治旗', 0, 1),
(150724, 1507, '鄂温克族自治旗', 0, 1),
(150725, 1507, '陈巴尔虎旗', 0, 1),
(150726, 1507, '新巴尔虎左旗', 0, 1),
(150727, 1507, '新巴尔虎右旗', 0, 1),
(150781, 1507, '满洲里市', 0, 1),
(150782, 1507, '牙克石市', 0, 1),
(150783, 1507, '扎兰屯市', 0, 1),
(150784, 1507, '额尔古纳市', 0, 1),
(150785, 1507, '根河市', 0, 1),
(150802, 1508, '临河区', 0, 1),
(150821, 1508, '五原县', 0, 1),
(150822, 1508, '磴口县', 0, 1),
(150823, 1508, '乌拉特前旗', 0, 1),
(150824, 1508, '乌拉特中旗', 0, 1),
(150825, 1508, '乌拉特后旗', 0, 1),
(150826, 1508, '杭锦后旗', 0, 1),
(150902, 1509, '集宁区', 0, 1),
(150921, 1509, '卓资县', 0, 1),
(150922, 1509, '化德县', 0, 1),
(150923, 1509, '商都县', 0, 1),
(150924, 1509, '兴和县', 0, 1),
(150925, 1509, '凉城县', 0, 1),
(150926, 1509, '察哈尔右翼前旗', 0, 1),
(150927, 1509, '察哈尔右翼中旗', 0, 1),
(150928, 1509, '察哈尔右翼后旗', 0, 1),
(150929, 1509, '四子王旗', 0, 1),
(150981, 1509, '丰镇市', 0, 1),
(152201, 1522, '乌兰浩特市', 0, 1),
(152202, 1522, '阿尔山市', 0, 1),
(152221, 1522, '科尔沁右翼前旗', 0, 1),
(152222, 1522, '科尔沁右翼中旗', 0, 1),
(152223, 1522, '扎赉特旗', 0, 1),
(152224, 1522, '突泉县', 0, 1),
(152501, 1525, '二连浩特市', 0, 1),
(152502, 1525, '锡林浩特市', 0, 1),
(152522, 1525, '阿巴嘎旗', 0, 1),
(152523, 1525, '苏尼特左旗', 0, 1),
(152524, 1525, '苏尼特右旗', 0, 1),
(152525, 1525, '东乌珠穆沁旗', 0, 1),
(152526, 1525, '西乌珠穆沁旗', 0, 1),
(152527, 1525, '太仆寺旗', 0, 1),
(152528, 1525, '镶黄旗', 0, 1),
(152529, 1525, '正镶白旗', 0, 1),
(152530, 1525, '正蓝旗', 0, 1),
(152531, 1525, '多伦县', 0, 1),
(152921, 1529, '阿拉善左旗', 0, 1),
(152922, 1529, '阿拉善右旗', 0, 1),
(152923, 1529, '额济纳旗', 0, 1),
(210102, 2101, '和平区', 0, 1),
(210103, 2101, '沈河区', 0, 1),
(210104, 2101, '大东区', 0, 1),
(210105, 2101, '皇姑区', 0, 1),
(210106, 2101, '铁西区', 0, 1),
(210111, 2101, '苏家屯区', 0, 1),
(210112, 2101, '浑南区', 0, 1),
(210113, 2101, '沈北新区', 0, 1),
(210114, 2101, '于洪区', 0, 1),
(210122, 2101, '辽中县', 0, 1),
(210123, 2101, '康平县', 0, 1),
(210124, 2101, '法库县', 0, 1),
(210181, 2101, '新民市', 0, 1),
(210202, 2102, '中山区', 0, 1),
(210203, 2102, '西岗区', 0, 1),
(210204, 2102, '沙河口区', 0, 1),
(210211, 2102, '甘井子区', 0, 1),
(210212, 2102, '旅顺口区', 0, 1),
(210213, 2102, '金州区', 0, 1),
(210224, 2102, '长海县', 0, 1),
(210281, 2102, '瓦房店市', 0, 1),
(210282, 2102, '普兰店市', 0, 1),
(210283, 2102, '庄河市', 0, 1),
(210302, 2103, '铁东区', 0, 1),
(210303, 2103, '铁西区', 0, 1),
(210304, 2103, '立山区', 0, 1),
(210311, 2103, '千山区', 0, 1),
(210321, 2103, '台安县', 0, 1),
(210323, 2103, '岫岩满族自治县', 0, 1),
(210381, 2103, '海城市', 0, 1),
(210402, 2104, '新抚区', 0, 1),
(210403, 2104, '东洲区', 0, 1),
(210404, 2104, '望花区', 0, 1),
(210411, 2104, '顺城区', 0, 1),
(210421, 2104, '抚顺县', 0, 1),
(210422, 2104, '新宾满族自治县', 0, 1),
(210423, 2104, '清原满族自治县', 0, 1),
(210502, 2105, '平山区', 0, 1),
(210503, 2105, '溪湖区', 0, 1),
(210504, 2105, '明山区', 0, 1),
(210505, 2105, '南芬区', 0, 1),
(210521, 2105, '本溪满族自治县', 0, 1),
(210522, 2105, '桓仁满族自治县', 0, 1),
(210602, 2106, '元宝区', 0, 1),
(210603, 2106, '振兴区', 0, 1),
(210604, 2106, '振安区', 0, 1),
(210624, 2106, '宽甸满族自治县', 0, 1),
(210681, 2106, '东港市', 0, 1),
(210682, 2106, '凤城市', 0, 1),
(210702, 2107, '古塔区', 0, 1),
(210703, 2107, '凌河区', 0, 1),
(210711, 2107, '太和区', 0, 1),
(210726, 2107, '黑山县', 0, 1),
(210727, 2107, '义县', 0, 1),
(210781, 2107, '凌海市', 0, 1),
(210782, 2107, '北镇市', 0, 1),
(210802, 2108, '站前区', 0, 1),
(210803, 2108, '西市区', 0, 1),
(210804, 2108, '鲅鱼圈区', 0, 1),
(210811, 2108, '老边区', 0, 1),
(210881, 2108, '盖州市', 0, 1),
(210882, 2108, '大石桥市', 0, 1),
(210902, 2109, '海州区', 0, 1),
(210903, 2109, '新邱区', 0, 1),
(210904, 2109, '太平区', 0, 1),
(210905, 2109, '清河门区', 0, 1),
(210911, 2109, '细河区', 0, 1),
(210921, 2109, '阜新蒙古族自治县', 0, 1),
(210922, 2109, '彰武县', 0, 1),
(211002, 2110, '白塔区', 0, 1),
(211003, 2110, '文圣区', 0, 1),
(211004, 2110, '宏伟区', 0, 1),
(211005, 2110, '弓长岭区', 0, 1),
(211011, 2110, '太子河区', 0, 1),
(211021, 2110, '辽阳县', 0, 1),
(211081, 2110, '灯塔市', 0, 1),
(211102, 2111, '双台子区', 0, 1),
(211103, 2111, '兴隆台区', 0, 1),
(211121, 2111, '大洼县', 0, 1),
(211122, 2111, '盘山县', 0, 1),
(211202, 2112, '银州区', 0, 1),
(211204, 2112, '清河区', 0, 1),
(211221, 2112, '铁岭县', 0, 1),
(211223, 2112, '西丰县', 0, 1),
(211224, 2112, '昌图县', 0, 1),
(211281, 2112, '调兵山市', 0, 1),
(211282, 2112, '开原市', 0, 1),
(211302, 2113, '双塔区', 0, 1),
(211303, 2113, '龙城区', 0, 1),
(211321, 2113, '朝阳县', 0, 1),
(211322, 2113, '建平县', 0, 1),
(211324, 2113, '喀喇沁左翼蒙古族自治县', 0, 1),
(211381, 2113, '北票市', 0, 1),
(211382, 2113, '凌源市', 0, 1),
(211402, 2114, '连山区', 0, 1),
(211403, 2114, '龙港区', 0, 1),
(211404, 2114, '南票区', 0, 1),
(211421, 2114, '绥中县', 0, 1),
(211422, 2114, '建昌县', 0, 1),
(211481, 2114, '兴城市', 0, 1),
(211501, 2115, '金州新区', 0, 1),
(211502, 2115, '普湾新区', 0, 1),
(211503, 2115, '保税区', 0, 1),
(220102, 2201, '南关区', 0, 1),
(220103, 2201, '宽城区', 0, 1),
(220104, 2201, '朝阳区', 0, 1),
(220105, 2201, '二道区', 0, 1),
(220106, 2201, '绿园区', 0, 1),
(220112, 2201, '双阳区', 0, 1),
(220113, 2201, '九台区', 0, 1),
(220122, 2201, '农安县', 0, 1),
(220182, 2201, '榆树市', 0, 1),
(220183, 2201, '德惠市', 0, 1),
(220202, 2202, '昌邑区', 0, 1),
(220203, 2202, '龙潭区', 0, 1),
(220204, 2202, '船营区', 0, 1),
(220211, 2202, '丰满区', 0, 1),
(220221, 2202, '永吉县', 0, 1),
(220281, 2202, '蛟河市', 0, 1),
(220282, 2202, '桦甸市', 0, 1),
(220283, 2202, '舒兰市', 0, 1),
(220284, 2202, '磐石市', 0, 1),
(220302, 2203, '铁西区', 0, 1),
(220303, 2203, '铁东区', 0, 1),
(220322, 2203, '梨树县', 0, 1),
(220323, 2203, '伊通满族自治县', 0, 1),
(220381, 2203, '公主岭市', 0, 1),
(220382, 2203, '双辽市', 0, 1),
(220402, 2204, '龙山区', 0, 1),
(220403, 2204, '西安区', 0, 1),
(220421, 2204, '东丰县', 0, 1),
(220422, 2204, '东辽县', 0, 1),
(220502, 2205, '东昌区', 0, 1),
(220503, 2205, '二道江区', 0, 1),
(220521, 2205, '通化县', 0, 1),
(220523, 2205, '辉南县', 0, 1),
(220524, 2205, '柳河县', 0, 1),
(220581, 2205, '梅河口市', 0, 1),
(220582, 2205, '集安市', 0, 1),
(220602, 2206, '浑江区', 0, 1),
(220605, 2206, '江源区', 0, 1),
(220621, 2206, '抚松县', 0, 1),
(220622, 2206, '靖宇县', 0, 1),
(220623, 2206, '长白朝鲜族自治县', 0, 1),
(220681, 2206, '临江市', 0, 1),
(220702, 2207, '宁江区', 0, 1),
(220721, 2207, '前郭尔罗斯蒙古族自治县', 0, 1),
(220722, 2207, '长岭县', 0, 1),
(220723, 2207, '乾安县', 0, 1),
(220781, 2207, '扶余市', 0, 1),
(220802, 2208, '洮北区', 0, 1),
(220821, 2208, '镇赉县', 0, 1),
(220822, 2208, '通榆县', 0, 1),
(220881, 2208, '洮南市', 0, 1),
(220882, 2208, '大安市', 0, 1),
(222401, 2224, '延吉市', 0, 1),
(222402, 2224, '图们市', 0, 1),
(222403, 2224, '敦化市', 0, 1),
(222404, 2224, '珲春市', 0, 1),
(222405, 2224, '龙井市', 0, 1),
(222406, 2224, '和龙市', 0, 1),
(222424, 2224, '汪清县', 0, 1),
(222426, 2224, '安图县', 0, 1),
(230102, 2301, '道里区', 0, 1),
(230103, 2301, '南岗区', 0, 1),
(230104, 2301, '道外区', 0, 1),
(230108, 2301, '平房区', 0, 1),
(230109, 2301, '松北区', 0, 1),
(230110, 2301, '香坊区', 0, 1),
(230111, 2301, '呼兰区', 0, 1),
(230112, 2301, '阿城区', 0, 1),
(230113, 2301, '双城区', 0, 1),
(230123, 2301, '依兰县', 0, 1),
(230124, 2301, '方正县', 0, 1),
(230125, 2301, '宾县', 0, 1),
(230126, 2301, '巴彦县', 0, 1),
(230127, 2301, '木兰县', 0, 1),
(230128, 2301, '通河县', 0, 1),
(230129, 2301, '延寿县', 0, 1),
(230183, 2301, '尚志市', 0, 1),
(230184, 2301, '五常市', 0, 1),
(230202, 2302, '龙沙区', 0, 1),
(230203, 2302, '建华区', 0, 1),
(230204, 2302, '铁锋区', 0, 1),
(230205, 2302, '昂昂溪区', 0, 1),
(230206, 2302, '富拉尔基区', 0, 1),
(230207, 2302, '碾子山区', 0, 1),
(230208, 2302, '梅里斯达斡尔族区', 0, 1),
(230221, 2302, '龙江县', 0, 1),
(230223, 2302, '依安县', 0, 1),
(230224, 2302, '泰来县', 0, 1),
(230225, 2302, '甘南县', 0, 1),
(230227, 2302, '富裕县', 0, 1),
(230229, 2302, '克山县', 0, 1),
(230230, 2302, '克东县', 0, 1),
(230231, 2302, '拜泉县', 0, 1),
(230281, 2302, '讷河市', 0, 1),
(230302, 2303, '鸡冠区', 0, 1),
(230303, 2303, '恒山区', 0, 1),
(230304, 2303, '滴道区', 0, 1),
(230305, 2303, '梨树区', 0, 1),
(230306, 2303, '城子河区', 0, 1),
(230307, 2303, '麻山区', 0, 1),
(230321, 2303, '鸡东县', 0, 1),
(230381, 2303, '虎林市', 0, 1),
(230382, 2303, '密山市', 0, 1),
(230402, 2304, '向阳区', 0, 1),
(230403, 2304, '工农区', 0, 1),
(230404, 2304, '南山区', 0, 1),
(230405, 2304, '兴安区', 0, 1),
(230406, 2304, '东山区', 0, 1),
(230407, 2304, '兴山区', 0, 1),
(230421, 2304, '萝北县', 0, 1),
(230422, 2304, '绥滨县', 0, 1),
(230502, 2305, '尖山区', 0, 1),
(230503, 2305, '岭东区', 0, 1),
(230505, 2305, '四方台区', 0, 1),
(230506, 2305, '宝山区', 0, 1),
(230521, 2305, '集贤县', 0, 1),
(230522, 2305, '友谊县', 0, 1),
(230523, 2305, '宝清县', 0, 1),
(230524, 2305, '饶河县', 0, 1),
(230602, 2306, '萨尔图区', 0, 1),
(230603, 2306, '龙凤区', 0, 1),
(230604, 2306, '让胡路区', 0, 1),
(230605, 2306, '红岗区', 0, 1),
(230606, 2306, '大同区', 0, 1),
(230621, 2306, '肇州县', 0, 1),
(230622, 2306, '肇源县', 0, 1),
(230623, 2306, '林甸县', 0, 1),
(230624, 2306, '杜尔伯特蒙古族自治县', 0, 1),
(230702, 2307, '伊春区', 0, 1),
(230703, 2307, '南岔区', 0, 1),
(230704, 2307, '友好区', 0, 1),
(230705, 2307, '西林区', 0, 1),
(230706, 2307, '翠峦区', 0, 1),
(230707, 2307, '新青区', 0, 1),
(230708, 2307, '美溪区', 0, 1),
(230709, 2307, '金山屯区', 0, 1),
(230710, 2307, '五营区', 0, 1),
(230711, 2307, '乌马河区', 0, 1),
(230712, 2307, '汤旺河区', 0, 1),
(230713, 2307, '带岭区', 0, 1),
(230714, 2307, '乌伊岭区', 0, 1),
(230715, 2307, '红星区', 0, 1),
(230716, 2307, '上甘岭区', 0, 1),
(230722, 2307, '嘉荫县', 0, 1),
(230781, 2307, '铁力市', 0, 1),
(230803, 2308, '向阳区', 0, 1),
(230804, 2308, '前进区', 0, 1),
(230805, 2308, '东风区', 0, 1),
(230811, 2308, '郊区', 0, 1),
(230822, 2308, '桦南县', 0, 1),
(230826, 2308, '桦川县', 0, 1),
(230828, 2308, '汤原县', 0, 1),
(230833, 2308, '抚远县', 0, 1),
(230881, 2308, '同江市', 0, 1),
(230882, 2308, '富锦市', 0, 1),
(230902, 2309, '新兴区', 0, 1),
(230903, 2309, '桃山区', 0, 1),
(230904, 2309, '茄子河区', 0, 1),
(230921, 2309, '勃利县', 0, 1),
(231002, 2310, '东安区', 0, 1),
(231003, 2310, '阳明区', 0, 1),
(231004, 2310, '爱民区', 0, 1),
(231005, 2310, '西安区', 0, 1),
(231024, 2310, '东宁县', 0, 1),
(231025, 2310, '林口县', 0, 1),
(231081, 2310, '绥芬河市', 0, 1),
(231083, 2310, '海林市', 0, 1),
(231084, 2310, '宁安市', 0, 1),
(231085, 2310, '穆棱市', 0, 1),
(231102, 2311, '爱辉区', 0, 1),
(231121, 2311, '嫩江县', 0, 1),
(231123, 2311, '逊克县', 0, 1),
(231124, 2311, '孙吴县', 0, 1),
(231181, 2311, '北安市', 0, 1),
(231182, 2311, '五大连池市', 0, 1),
(231202, 2312, '北林区', 0, 1),
(231221, 2312, '望奎县', 0, 1),
(231222, 2312, '兰西县', 0, 1),
(231223, 2312, '青冈县', 0, 1),
(231224, 2312, '庆安县', 0, 1),
(231225, 2312, '明水县', 0, 1),
(231226, 2312, '绥棱县', 0, 1),
(231281, 2312, '安达市', 0, 1),
(231282, 2312, '肇东市', 0, 1),
(231283, 2312, '海伦市', 0, 1),
(232701, 2327, '加格达奇区', 0, 1),
(232702, 2327, '新林区', 0, 1),
(232703, 2327, '松岭区', 0, 1),
(232704, 2327, '呼中区', 0, 1),
(232721, 2327, '呼玛县', 0, 1),
(232722, 2327, '塔河县', 0, 1),
(232723, 2327, '漠河县', 0, 1),
(310101, 3101, '黄浦区', 0, 1),
(310104, 3101, '徐汇区', 0, 1),
(310105, 3101, '长宁区', 0, 1),
(310106, 3101, '静安区', 0, 1),
(310107, 3101, '普陀区', 0, 1),
(310108, 3101, '闸北区', 0, 1),
(310109, 3101, '虹口区', 0, 1),
(310110, 3101, '杨浦区', 0, 1),
(310112, 3101, '闵行区', 0, 1),
(310113, 3101, '宝山区', 0, 1),
(310114, 3101, '嘉定区', 0, 1),
(310115, 3101, '浦东新区', 0, 1),
(310116, 3101, '金山区', 0, 1),
(310117, 3101, '松江区', 0, 1),
(310118, 3101, '青浦区', 0, 1),
(310120, 3101, '奉贤区', 0, 1),
(310230, 3101, '崇明县', 0, 1),
(320102, 3201, '玄武区', 0, 1),
(320104, 3201, '秦淮区', 0, 1),
(320105, 3201, '建邺区', 0, 1),
(320106, 3201, '鼓楼区', 0, 1),
(320111, 3201, '浦口区', 0, 1),
(320113, 3201, '栖霞区', 0, 1),
(320114, 3201, '雨花台区', 0, 1),
(320115, 3201, '江宁区', 0, 1),
(320116, 3201, '六合区', 0, 1),
(320117, 3201, '溧水区', 0, 1),
(320118, 3201, '高淳区', 0, 1),
(320202, 3202, '崇安区', 0, 1),
(320203, 3202, '南长区', 0, 1),
(320204, 3202, '北塘区', 0, 1),
(320205, 3202, '锡山区', 0, 1),
(320206, 3202, '惠山区', 0, 1),
(320211, 3202, '滨湖区', 0, 1),
(320281, 3202, '江阴市', 0, 1),
(320282, 3202, '宜兴市', 0, 1),
(320302, 3203, '鼓楼区', 0, 1),
(320303, 3203, '云龙区', 0, 1),
(320305, 3203, '贾汪区', 0, 1),
(320311, 3203, '泉山区', 0, 1),
(320312, 3203, '铜山区', 0, 1),
(320321, 3203, '丰县', 0, 1),
(320322, 3203, '沛县', 0, 1),
(320324, 3203, '睢宁县', 0, 1),
(320381, 3203, '新沂市', 0, 1),
(320382, 3203, '邳州市', 0, 1),
(320402, 3204, '天宁区', 0, 1),
(320404, 3204, '钟楼区', 0, 1),
(320405, 3204, '戚墅堰区', 0, 1),
(320411, 3204, '新北区', 0, 1),
(320412, 3204, '武进区', 0, 1),
(320481, 3204, '溧阳市', 0, 1),
(320482, 3204, '金坛市', 0, 1),
(320505, 3205, '虎丘区', 0, 1),
(320506, 3205, '吴中区', 0, 1),
(320507, 3205, '相城区', 0, 1),
(320508, 3205, '姑苏区', 0, 1),
(320509, 3205, '吴江区', 0, 1),
(320581, 3205, '常熟市', 0, 1),
(320582, 3205, '张家港市', 0, 1),
(320583, 3205, '昆山市', 0, 1),
(320585, 3205, '太仓市', 0, 1),
(320602, 3206, '崇川区', 0, 1),
(320611, 3206, '港闸区', 0, 1),
(320612, 3206, '通州区', 0, 1),
(320621, 3206, '海安县', 0, 1),
(320623, 3206, '如东县', 0, 1),
(320681, 3206, '启东市', 0, 1),
(320682, 3206, '如皋市', 0, 1),
(320684, 3206, '海门市', 0, 1),
(320703, 3207, '连云区', 0, 1),
(320706, 3207, '海州区', 0, 1),
(320707, 3207, '赣榆区', 0, 1),
(320722, 3207, '东海县', 0, 1),
(320723, 3207, '灌云县', 0, 1),
(320724, 3207, '灌南县', 0, 1),
(320802, 3208, '清河区', 0, 1),
(320803, 3208, '淮安区', 0, 1),
(320804, 3208, '淮阴区', 0, 1),
(320811, 3208, '清浦区', 0, 1),
(320826, 3208, '涟水县', 0, 1),
(320829, 3208, '洪泽县', 0, 1),
(320830, 3208, '盱眙县', 0, 1),
(320831, 3208, '金湖县', 0, 1),
(320902, 3209, '亭湖区', 0, 1),
(320903, 3209, '盐都区', 0, 1),
(320921, 3209, '响水县', 0, 1),
(320922, 3209, '滨海县', 0, 1),
(320923, 3209, '阜宁县', 0, 1),
(320924, 3209, '射阳县', 0, 1),
(320925, 3209, '建湖县', 0, 1),
(320981, 3209, '东台市', 0, 1),
(320982, 3209, '大丰市', 0, 1),
(321002, 3210, '广陵区', 0, 1),
(321003, 3210, '邗江区', 0, 1),
(321012, 3210, '江都区', 0, 1),
(321023, 3210, '宝应县', 0, 1),
(321081, 3210, '仪征市', 0, 1),
(321084, 3210, '高邮市', 0, 1),
(321102, 3211, '京口区', 0, 1),
(321111, 3211, '润州区', 0, 1),
(321112, 3211, '丹徒区', 0, 1),
(321181, 3211, '丹阳市', 0, 1),
(321182, 3211, '扬中市', 0, 1),
(321183, 3211, '句容市', 0, 1),
(321202, 3212, '海陵区', 0, 1),
(321203, 3212, '高港区', 0, 1),
(321204, 3212, '姜堰区', 0, 1),
(321281, 3212, '兴化市', 0, 1),
(321282, 3212, '靖江市', 0, 1),
(321283, 3212, '泰兴市', 0, 1),
(321302, 3213, '宿城区', 0, 1),
(321311, 3213, '宿豫区', 0, 1),
(321322, 3213, '沭阳县', 0, 1),
(321323, 3213, '泗阳县', 0, 1),
(321324, 3213, '泗洪县', 0, 1),
(330102, 3301, '上城区', 0, 1),
(330103, 3301, '下城区', 0, 1),
(330104, 3301, '江干区', 0, 1),
(330105, 3301, '拱墅区', 0, 1),
(330106, 3301, '西湖区', 0, 1),
(330108, 3301, '滨江区', 0, 1),
(330109, 3301, '萧山区', 0, 1),
(330110, 3301, '余杭区', 0, 1),
(330122, 3301, '桐庐县', 0, 1),
(330127, 3301, '淳安县', 0, 1),
(330182, 3301, '建德市', 0, 1),
(330183, 3301, '富阳区', 0, 1),
(330185, 3301, '临安市', 0, 1),
(330203, 3302, '海曙区', 0, 1),
(330204, 3302, '江东区', 0, 1),
(330205, 3302, '江北区', 0, 1),
(330206, 3302, '北仑区', 0, 1),
(330211, 3302, '镇海区', 0, 1),
(330212, 3302, '鄞州区', 0, 1),
(330225, 3302, '象山县', 0, 1),
(330226, 3302, '宁海县', 0, 1),
(330281, 3302, '余姚市', 0, 1),
(330282, 3302, '慈溪市', 0, 1),
(330283, 3302, '奉化市', 0, 1),
(330302, 3303, '鹿城区', 0, 1),
(330303, 3303, '龙湾区', 0, 1),
(330304, 3303, '瓯海区', 0, 1),
(330322, 3303, '洞头县', 0, 1),
(330324, 3303, '永嘉县', 0, 1),
(330326, 3303, '平阳县', 0, 1),
(330327, 3303, '苍南县', 0, 1),
(330328, 3303, '文成县', 0, 1),
(330329, 3303, '泰顺县', 0, 1),
(330381, 3303, '瑞安市', 0, 1),
(330382, 3303, '乐清市', 0, 1),
(330402, 3304, '南湖区', 0, 1),
(330411, 3304, '秀洲区', 0, 1),
(330421, 3304, '嘉善县', 0, 1),
(330424, 3304, '海盐县', 0, 1),
(330481, 3304, '海宁市', 0, 1),
(330482, 3304, '平湖市', 0, 1),
(330483, 3304, '桐乡市', 0, 1),
(330502, 3305, '吴兴区', 0, 1),
(330503, 3305, '南浔区', 0, 1),
(330521, 3305, '德清县', 0, 1),
(330522, 3305, '长兴县', 0, 1),
(330523, 3305, '安吉县', 0, 1),
(330602, 3306, '越城区', 0, 1),
(330603, 3306, '柯桥区', 0, 1),
(330604, 3306, '上虞区', 0, 1),
(330624, 3306, '新昌县', 0, 1),
(330681, 3306, '诸暨市', 0, 1),
(330683, 3306, '嵊州市', 0, 1),
(330702, 3307, '婺城区', 0, 1),
(330703, 3307, '金东区', 0, 1),
(330723, 3307, '武义县', 0, 1),
(330726, 3307, '浦江县', 0, 1),
(330727, 3307, '磐安县', 0, 1),
(330781, 3307, '兰溪市', 0, 1),
(330782, 3307, '义乌市', 0, 1),
(330783, 3307, '东阳市', 0, 1),
(330784, 3307, '永康市', 0, 1),
(330802, 3308, '柯城区', 0, 1),
(330803, 3308, '衢江区', 0, 1),
(330822, 3308, '常山县', 0, 1),
(330824, 3308, '开化县', 0, 1),
(330825, 3308, '龙游县', 0, 1),
(330881, 3308, '江山市', 0, 1),
(330902, 3309, '定海区', 0, 1),
(330903, 3309, '普陀区', 0, 1),
(330921, 3309, '岱山县', 0, 1),
(330922, 3309, '嵊泗县', 0, 1),
(331002, 3310, '椒江区', 0, 1),
(331003, 3310, '黄岩区', 0, 1),
(331004, 3310, '路桥区', 0, 1),
(331021, 3310, '玉环县', 0, 1),
(331022, 3310, '三门县', 0, 1),
(331023, 3310, '天台县', 0, 1),
(331024, 3310, '仙居县', 0, 1),
(331081, 3310, '温岭市', 0, 1),
(331082, 3310, '临海市', 0, 1),
(331102, 3311, '莲都区', 0, 1),
(331121, 3311, '青田县', 0, 1),
(331122, 3311, '缙云县', 0, 1),
(331123, 3311, '遂昌县', 0, 1),
(331124, 3311, '松阳县', 0, 1),
(331125, 3311, '云和县', 0, 1),
(331126, 3311, '庆元县', 0, 1),
(331127, 3311, '景宁畲族自治县', 0, 1),
(331181, 3311, '龙泉市', 0, 1),
(331201, 3312, '金塘岛', 0, 1),
(331202, 3312, '六横岛', 0, 1),
(331203, 3312, '衢山岛', 0, 1),
(331204, 3312, '舟山本岛西北部', 0, 1),
(331205, 3312, '岱山岛西南部', 0, 1),
(331206, 3312, '泗礁岛', 0, 1),
(331207, 3312, '朱家尖岛', 0, 1),
(331208, 3312, '洋山岛', 0, 1),
(331209, 3312, '长涂岛', 0, 1),
(331210, 3312, '虾峙岛', 0, 1),
(340102, 3401, '瑶海区', 0, 1),
(340103, 3401, '庐阳区', 0, 1),
(340104, 3401, '蜀山区', 0, 1),
(340111, 3401, '包河区', 0, 1),
(340121, 3401, '长丰县', 0, 1),
(340122, 3401, '肥东县', 0, 1),
(340123, 3401, '肥西县', 0, 1),
(340124, 3401, '庐江县', 0, 1),
(340181, 3401, '巢湖市', 0, 1),
(340202, 3402, '镜湖区', 0, 1),
(340203, 3402, '弋江区', 0, 1),
(340207, 3402, '鸠江区', 0, 1),
(340208, 3402, '三山区', 0, 1),
(340221, 3402, '芜湖县', 0, 1),
(340222, 3402, '繁昌县', 0, 1),
(340223, 3402, '南陵县', 0, 1),
(340225, 3402, '无为县', 0, 1),
(340302, 3403, '龙子湖区', 0, 1),
(340303, 3403, '蚌山区', 0, 1),
(340304, 3403, '禹会区', 0, 1),
(340311, 3403, '淮上区', 0, 1),
(340321, 3403, '怀远县', 0, 1),
(340322, 3403, '五河县', 0, 1),
(340323, 3403, '固镇县', 0, 1),
(340402, 3404, '大通区', 0, 1),
(340403, 3404, '田家庵区', 0, 1),
(340404, 3404, '谢家集区', 0, 1),
(340405, 3404, '八公山区', 0, 1),
(340406, 3404, '潘集区', 0, 1),
(340421, 3404, '凤台县', 0, 1),
(340503, 3405, '花山区', 0, 1),
(340504, 3405, '雨山区', 0, 1),
(340506, 3405, '博望区', 0, 1),
(340521, 3405, '当涂县', 0, 1),
(340522, 3405, '含山县', 0, 1),
(340523, 3405, '和县', 0, 1),
(340602, 3406, '杜集区', 0, 1),
(340603, 3406, '相山区', 0, 1),
(340604, 3406, '烈山区', 0, 1),
(340621, 3406, '濉溪县', 0, 1),
(340702, 3407, '铜官山区', 0, 1),
(340703, 3407, '狮子山区', 0, 1),
(340711, 3407, '郊区', 0, 1),
(340721, 3407, '铜陵县', 0, 1),
(340802, 3408, '迎江区', 0, 1),
(340803, 3408, '大观区', 0, 1),
(340811, 3408, '宜秀区', 0, 1),
(340822, 3408, '怀宁县', 0, 1),
(340823, 3408, '枞阳县', 0, 1),
(340824, 3408, '潜山县', 0, 1),
(340825, 3408, '太湖县', 0, 1),
(340826, 3408, '宿松县', 0, 1),
(340827, 3408, '望江县', 0, 1),
(340828, 3408, '岳西县', 0, 1),
(340881, 3408, '桐城市', 0, 1),
(341002, 3410, '屯溪区', 0, 1),
(341003, 3410, '黄山区', 0, 1),
(341004, 3410, '徽州区', 0, 1),
(341021, 3410, '歙县', 0, 1),
(341022, 3410, '休宁县', 0, 1),
(341023, 3410, '黟县', 0, 1),
(341024, 3410, '祁门县', 0, 1),
(341102, 3411, '琅琊区', 0, 1),
(341103, 3411, '南谯区', 0, 1),
(341122, 3411, '来安县', 0, 1),
(341124, 3411, '全椒县', 0, 1),
(341125, 3411, '定远县', 0, 1),
(341126, 3411, '凤阳县', 0, 1),
(341181, 3411, '天长市', 0, 1),
(341182, 3411, '明光市', 0, 1),
(341202, 3412, '颍州区', 0, 1),
(341203, 3412, '颍东区', 0, 1),
(341204, 3412, '颍泉区', 0, 1),
(341221, 3412, '临泉县', 0, 1),
(341222, 3412, '太和县', 0, 1),
(341225, 3412, '阜南县', 0, 1),
(341226, 3412, '颍上县', 0, 1),
(341282, 3412, '界首市', 0, 1),
(341302, 3413, '埇桥区', 0, 1),
(341321, 3413, '砀山县', 0, 1),
(341322, 3413, '萧县', 0, 1),
(341323, 3413, '灵璧县', 0, 1),
(341324, 3413, '泗县', 0, 1),
(341502, 3415, '金安区', 0, 1),
(341503, 3415, '裕安区', 0, 1),
(341521, 3415, '寿县', 0, 1),
(341522, 3415, '霍邱县', 0, 1),
(341523, 3415, '舒城县', 0, 1),
(341524, 3415, '金寨县', 0, 1),
(341525, 3415, '霍山县', 0, 1),
(341602, 3416, '谯城区', 0, 1),
(341621, 3416, '涡阳县', 0, 1),
(341622, 3416, '蒙城县', 0, 1),
(341623, 3416, '利辛县', 0, 1),
(341702, 3417, '贵池区', 0, 1),
(341721, 3417, '东至县', 0, 1),
(341722, 3417, '石台县', 0, 1),
(341723, 3417, '青阳县', 0, 1),
(341802, 3418, '宣州区', 0, 1),
(341821, 3418, '郎溪县', 0, 1),
(341822, 3418, '广德县', 0, 1),
(341823, 3418, '泾县', 0, 1),
(341824, 3418, '绩溪县', 0, 1),
(341825, 3418, '旌德县', 0, 1),
(341881, 3418, '宁国市', 0, 1),
(350102, 3501, '鼓楼区', 0, 1),
(350103, 3501, '台江区', 0, 1),
(350104, 3501, '仓山区', 0, 1),
(350105, 3501, '马尾区', 0, 1),
(350111, 3501, '晋安区', 0, 1),
(350121, 3501, '闽侯县', 0, 1),
(350122, 3501, '连江县', 0, 1),
(350123, 3501, '罗源县', 0, 1),
(350124, 3501, '闽清县', 0, 1),
(350125, 3501, '永泰县', 0, 1),
(350128, 3501, '平潭县', 0, 1),
(350181, 3501, '福清市', 0, 1),
(350182, 3501, '长乐市', 0, 1),
(350203, 3502, '思明区', 0, 1),
(350205, 3502, '海沧区', 0, 1),
(350206, 3502, '湖里区', 0, 1),
(350211, 3502, '集美区', 0, 1),
(350212, 3502, '同安区', 0, 1),
(350213, 3502, '翔安区', 0, 1),
(350302, 3503, '城厢区', 0, 1),
(350303, 3503, '涵江区', 0, 1),
(350304, 3503, '荔城区', 0, 1),
(350305, 3503, '秀屿区', 0, 1),
(350322, 3503, '仙游县', 0, 1),
(350402, 3504, '梅列区', 0, 1),
(350403, 3504, '三元区', 0, 1),
(350421, 3504, '明溪县', 0, 1),
(350423, 3504, '清流县', 0, 1),
(350424, 3504, '宁化县', 0, 1),
(350425, 3504, '大田县', 0, 1),
(350426, 3504, '尤溪县', 0, 1),
(350427, 3504, '沙县', 0, 1),
(350428, 3504, '将乐县', 0, 1),
(350429, 3504, '泰宁县', 0, 1),
(350430, 3504, '建宁县', 0, 1),
(350481, 3504, '永安市', 0, 1),
(350502, 3505, '鲤城区', 0, 1),
(350503, 3505, '丰泽区', 0, 1),
(350504, 3505, '洛江区', 0, 1),
(350505, 3505, '泉港区', 0, 1),
(350521, 3505, '惠安县', 0, 1),
(350524, 3505, '安溪县', 0, 1),
(350525, 3505, '永春县', 0, 1),
(350526, 3505, '德化县', 0, 1),
(350527, 3505, '金门县', 0, 1),
(350581, 3505, '石狮市', 0, 1),
(350582, 3505, '晋江市', 0, 1),
(350583, 3505, '南安市', 0, 1),
(350602, 3506, '芗城区', 0, 1),
(350603, 3506, '龙文区', 0, 1),
(350622, 3506, '云霄县', 0, 1),
(350623, 3506, '漳浦县', 0, 1),
(350624, 3506, '诏安县', 0, 1),
(350625, 3506, '长泰县', 0, 1),
(350626, 3506, '东山县', 0, 1),
(350627, 3506, '南靖县', 0, 1),
(350628, 3506, '平和县', 0, 1),
(350629, 3506, '华安县', 0, 1),
(350681, 3506, '龙海市', 0, 1),
(350702, 3507, '延平区', 0, 1),
(350703, 3507, '建阳区', 0, 1),
(350721, 3507, '顺昌县', 0, 1),
(350722, 3507, '浦城县', 0, 1),
(350723, 3507, '光泽县', 0, 1),
(350724, 3507, '松溪县', 0, 1),
(350725, 3507, '政和县', 0, 1),
(350781, 3507, '邵武市', 0, 1),
(350782, 3507, '武夷山市', 0, 1),
(350783, 3507, '建瓯市', 0, 1),
(350802, 3508, '新罗区', 0, 1),
(350821, 3508, '长汀县', 0, 1),
(350822, 3508, '永定区', 0, 1),
(350823, 3508, '上杭县', 0, 1),
(350824, 3508, '武平县', 0, 1),
(350825, 3508, '连城县', 0, 1),
(350881, 3508, '漳平市', 0, 1),
(350902, 3509, '蕉城区', 0, 1),
(350921, 3509, '霞浦县', 0, 1),
(350922, 3509, '古田县', 0, 1),
(350923, 3509, '屏南县', 0, 1),
(350924, 3509, '寿宁县', 0, 1),
(350925, 3509, '周宁县', 0, 1),
(350926, 3509, '柘荣县', 0, 1),
(350981, 3509, '福安市', 0, 1),
(350982, 3509, '福鼎市', 0, 1),
(360102, 3601, '东湖区', 0, 1),
(360103, 3601, '西湖区', 0, 1),
(360104, 3601, '青云谱区', 0, 1),
(360105, 3601, '湾里区', 0, 1),
(360111, 3601, '青山湖区', 0, 1),
(360121, 3601, '南昌县', 0, 1),
(360122, 3601, '新建县', 0, 1),
(360123, 3601, '安义县', 0, 1),
(360124, 3601, '进贤县', 0, 1),
(360202, 3602, '昌江区', 0, 1),
(360203, 3602, '珠山区', 0, 1),
(360222, 3602, '浮梁县', 0, 1),
(360281, 3602, '乐平市', 0, 1),
(360302, 3603, '安源区', 0, 1),
(360313, 3603, '湘东区', 0, 1),
(360321, 3603, '莲花县', 0, 1),
(360322, 3603, '上栗县', 0, 1),
(360323, 3603, '芦溪县', 0, 1),
(360402, 3604, '庐山区', 0, 1),
(360403, 3604, '浔阳区', 0, 1),
(360421, 3604, '九江县', 0, 1),
(360423, 3604, '武宁县', 0, 1),
(360424, 3604, '修水县', 0, 1),
(360425, 3604, '永修县', 0, 1),
(360426, 3604, '德安县', 0, 1),
(360427, 3604, '星子县', 0, 1),
(360428, 3604, '都昌县', 0, 1),
(360429, 3604, '湖口县', 0, 1),
(360430, 3604, '彭泽县', 0, 1),
(360481, 3604, '瑞昌市', 0, 1),
(360482, 3604, '共青城市', 0, 1),
(360502, 3605, '渝水区', 0, 1),
(360521, 3605, '分宜县', 0, 1),
(360602, 3606, '月湖区', 0, 1),
(360622, 3606, '余江县', 0, 1),
(360681, 3606, '贵溪市', 0, 1),
(360702, 3607, '章贡区', 0, 1),
(360703, 3607, '南康区', 0, 1),
(360721, 3607, '赣县', 0, 1),
(360722, 3607, '信丰县', 0, 1),
(360723, 3607, '大余县', 0, 1),
(360724, 3607, '上犹县', 0, 1),
(360725, 3607, '崇义县', 0, 1),
(360726, 3607, '安远县', 0, 1),
(360727, 3607, '龙南县', 0, 1),
(360728, 3607, '定南县', 0, 1),
(360729, 3607, '全南县', 0, 1),
(360730, 3607, '宁都县', 0, 1),
(360731, 3607, '于都县', 0, 1),
(360732, 3607, '兴国县', 0, 1),
(360733, 3607, '会昌县', 0, 1),
(360734, 3607, '寻乌县', 0, 1),
(360735, 3607, '石城县', 0, 1),
(360781, 3607, '瑞金市', 0, 1),
(360802, 3608, '吉州区', 0, 1),
(360803, 3608, '青原区', 0, 1),
(360821, 3608, '吉安县', 0, 1),
(360822, 3608, '吉水县', 0, 1),
(360823, 3608, '峡江县', 0, 1),
(360824, 3608, '新干县', 0, 1),
(360825, 3608, '永丰县', 0, 1),
(360826, 3608, '泰和县', 0, 1),
(360827, 3608, '遂川县', 0, 1),
(360828, 3608, '万安县', 0, 1),
(360829, 3608, '安福县', 0, 1),
(360830, 3608, '永新县', 0, 1),
(360881, 3608, '井冈山市', 0, 1),
(360902, 3609, '袁州区', 0, 1),
(360921, 3609, '奉新县', 0, 1),
(360922, 3609, '万载县', 0, 1),
(360923, 3609, '上高县', 0, 1),
(360924, 3609, '宜丰县', 0, 1),
(360925, 3609, '靖安县', 0, 1),
(360926, 3609, '铜鼓县', 0, 1),
(360981, 3609, '丰城市', 0, 1),
(360982, 3609, '樟树市', 0, 1),
(360983, 3609, '高安市', 0, 1),
(361002, 3610, '临川区', 0, 1),
(361021, 3610, '南城县', 0, 1),
(361022, 3610, '黎川县', 0, 1),
(361023, 3610, '南丰县', 0, 1),
(361024, 3610, '崇仁县', 0, 1),
(361025, 3610, '乐安县', 0, 1),
(361026, 3610, '宜黄县', 0, 1),
(361027, 3610, '金溪县', 0, 1),
(361028, 3610, '资溪县', 0, 1),
(361029, 3610, '东乡县', 0, 1),
(361030, 3610, '广昌县', 0, 1),
(361102, 3611, '信州区', 0, 1),
(361121, 3611, '上饶县', 0, 1),
(361122, 3611, '广丰县', 0, 1),
(361123, 3611, '玉山县', 0, 1),
(361124, 3611, '铅山县', 0, 1),
(361125, 3611, '横峰县', 0, 1),
(361126, 3611, '弋阳县', 0, 1),
(361127, 3611, '余干县', 0, 1),
(361128, 3611, '鄱阳县', 0, 1),
(361129, 3611, '万年县', 0, 1),
(361130, 3611, '婺源县', 0, 1),
(361181, 3611, '德兴市', 0, 1),
(370102, 3701, '历下区', 0, 1),
(370103, 3701, '市中区', 0, 1),
(370104, 3701, '槐荫区', 0, 1),
(370105, 3701, '天桥区', 0, 1),
(370112, 3701, '历城区', 0, 1),
(370113, 3701, '长清区', 0, 1),
(370124, 3701, '平阴县', 0, 1),
(370125, 3701, '济阳县', 0, 1),
(370126, 3701, '商河县', 0, 1),
(370181, 3701, '章丘市', 0, 1),
(370202, 3702, '市南区', 0, 1),
(370203, 3702, '市北区', 0, 1),
(370211, 3702, '黄岛区', 0, 1),
(370212, 3702, '崂山区', 0, 1),
(370213, 3702, '李沧区', 0, 1),
(370214, 3702, '城阳区', 0, 1),
(370281, 3702, '胶州市', 0, 1),
(370282, 3702, '即墨市', 0, 1),
(370283, 3702, '平度市', 0, 1),
(370285, 3702, '莱西市', 0, 1),
(370286, 3702, '西海岸新区', 0, 1),
(370302, 3703, '淄川区', 0, 1),
(370303, 3703, '张店区', 0, 1),
(370304, 3703, '博山区', 0, 1),
(370305, 3703, '临淄区', 0, 1),
(370306, 3703, '周村区', 0, 1),
(370321, 3703, '桓台县', 0, 1),
(370322, 3703, '高青县', 0, 1),
(370323, 3703, '沂源县', 0, 1),
(370402, 3704, '市中区', 0, 1),
(370403, 3704, '薛城区', 0, 1),
(370404, 3704, '峄城区', 0, 1),
(370405, 3704, '台儿庄区', 0, 1),
(370406, 3704, '山亭区', 0, 1),
(370481, 3704, '滕州市', 0, 1),
(370502, 3705, '东营区', 0, 1),
(370503, 3705, '河口区', 0, 1),
(370521, 3705, '垦利县', 0, 1),
(370522, 3705, '利津县', 0, 1),
(370523, 3705, '广饶县', 0, 1),
(370602, 3706, '芝罘区', 0, 1),
(370611, 3706, '福山区', 0, 1),
(370612, 3706, '牟平区', 0, 1),
(370613, 3706, '莱山区', 0, 1),
(370634, 3706, '长岛县', 0, 1),
(370681, 3706, '龙口市', 0, 1),
(370682, 3706, '莱阳市', 0, 1),
(370683, 3706, '莱州市', 0, 1),
(370684, 3706, '蓬莱市', 0, 1),
(370685, 3706, '招远市', 0, 1),
(370686, 3706, '栖霞市', 0, 1),
(370687, 3706, '海阳市', 0, 1),
(370702, 3707, '潍城区', 0, 1),
(370703, 3707, '寒亭区', 0, 1),
(370704, 3707, '坊子区', 0, 1),
(370705, 3707, '奎文区', 0, 1),
(370724, 3707, '临朐县', 0, 1),
(370725, 3707, '昌乐县', 0, 1),
(370781, 3707, '青州市', 0, 1),
(370782, 3707, '诸城市', 0, 1),
(370783, 3707, '寿光市', 0, 1),
(370784, 3707, '安丘市', 0, 1),
(370785, 3707, '高密市', 0, 1),
(370786, 3707, '昌邑市', 0, 1),
(370811, 3708, '任城区', 0, 1),
(370812, 3708, '兖州区', 0, 1),
(370826, 3708, '微山县', 0, 1),
(370827, 3708, '鱼台县', 0, 1),
(370828, 3708, '金乡县', 0, 1),
(370829, 3708, '嘉祥县', 0, 1),
(370830, 3708, '汶上县', 0, 1),
(370831, 3708, '泗水县', 0, 1),
(370832, 3708, '梁山县', 0, 1),
(370881, 3708, '曲阜市', 0, 1),
(370883, 3708, '邹城市', 0, 1),
(370902, 3709, '泰山区', 0, 1),
(370911, 3709, '岱岳区', 0, 1),
(370921, 3709, '宁阳县', 0, 1),
(370923, 3709, '东平县', 0, 1),
(370982, 3709, '新泰市', 0, 1),
(370983, 3709, '肥城市', 0, 1),
(371002, 3710, '环翠区', 0, 1),
(371003, 3710, '文登区', 0, 1),
(371082, 3710, '荣成市', 0, 1),
(371083, 3710, '乳山市', 0, 1),
(371102, 3711, '东港区', 0, 1),
(371103, 3711, '岚山区', 0, 1),
(371121, 3711, '五莲县', 0, 1),
(371122, 3711, '莒县', 0, 1),
(371202, 3712, '莱城区', 0, 1),
(371203, 3712, '钢城区', 0, 1),
(371302, 3713, '兰山区', 0, 1),
(371311, 3713, '罗庄区', 0, 1),
(371312, 3713, '河东区', 0, 1),
(371321, 3713, '沂南县', 0, 1),
(371322, 3713, '郯城县', 0, 1),
(371323, 3713, '沂水县', 0, 1),
(371324, 3713, '兰陵县', 0, 1),
(371325, 3713, '费县', 0, 1),
(371326, 3713, '平邑县', 0, 1),
(371327, 3713, '莒南县', 0, 1),
(371328, 3713, '蒙阴县', 0, 1),
(371329, 3713, '临沭县', 0, 1),
(371402, 3714, '德城区', 0, 1),
(371403, 3714, '陵城区', 0, 1),
(371422, 3714, '宁津县', 0, 1),
(371423, 3714, '庆云县', 0, 1),
(371424, 3714, '临邑县', 0, 1),
(371425, 3714, '齐河县', 0, 1),
(371426, 3714, '平原县', 0, 1),
(371427, 3714, '夏津县', 0, 1),
(371428, 3714, '武城县', 0, 1),
(371481, 3714, '乐陵市', 0, 1),
(371482, 3714, '禹城市', 0, 1),
(371502, 3715, '东昌府区', 0, 1),
(371521, 3715, '阳谷县', 0, 1),
(371522, 3715, '莘县', 0, 1),
(371523, 3715, '茌平县', 0, 1),
(371524, 3715, '东阿县', 0, 1),
(371525, 3715, '冠县', 0, 1),
(371526, 3715, '高唐县', 0, 1),
(371581, 3715, '临清市', 0, 1),
(371602, 3716, '滨城区', 0, 1),
(371603, 3716, '沾化区', 0, 1),
(371621, 3716, '惠民县', 0, 1),
(371622, 3716, '阳信县', 0, 1),
(371623, 3716, '无棣县', 0, 1),
(371625, 3716, '博兴县', 0, 1),
(371626, 3716, '邹平县', 0, 1),
(371627, 3716, '北海新区', 0, 1),
(371702, 3717, '牡丹区', 0, 1),
(371721, 3717, '曹县', 0, 1),
(371722, 3717, '单县', 0, 1),
(371723, 3717, '成武县', 0, 1),
(371724, 3717, '巨野县', 0, 1),
(371725, 3717, '郓城县', 0, 1),
(371726, 3717, '鄄城县', 0, 1),
(371727, 3717, '定陶县', 0, 1),
(371728, 3717, '东明县', 0, 1),
(410102, 4101, '中原区', 0, 1),
(410103, 4101, '二七区', 0, 1),
(410104, 4101, '管城回族区', 0, 1),
(410105, 4101, '金水区', 0, 1),
(410106, 4101, '上街区', 0, 1),
(410108, 4101, '惠济区', 0, 1),
(410122, 4101, '中牟县', 0, 1),
(410181, 4101, '巩义市', 0, 1),
(410182, 4101, '荥阳市', 0, 1),
(410183, 4101, '新密市', 0, 1),
(410184, 4101, '新郑市', 0, 1),
(410185, 4101, '登封市', 0, 1),
(410202, 4102, '龙亭区', 0, 1),
(410203, 4102, '顺河回族区', 0, 1),
(410204, 4102, '鼓楼区', 0, 1),
(410205, 4102, '禹王台区', 0, 1),
(410212, 4102, '祥符区', 0, 1),
(410221, 4102, '杞县', 0, 1),
(410222, 4102, '通许县', 0, 1),
(410223, 4102, '尉氏县', 0, 1),
(410225, 4102, '兰考县', 0, 1),
(410302, 4103, '老城区', 0, 1),
(410303, 4103, '西工区', 0, 1),
(410304, 4103, '瀍河回族区', 0, 1),
(410305, 4103, '涧西区', 0, 1),
(410306, 4103, '吉利区', 0, 1),
(410311, 4103, '洛龙区', 0, 1),
(410322, 4103, '孟津县', 0, 1),
(410323, 4103, '新安县', 0, 1),
(410324, 4103, '栾川县', 0, 1),
(410325, 4103, '嵩县', 0, 1),
(410326, 4103, '汝阳县', 0, 1),
(410327, 4103, '宜阳县', 0, 1),
(410328, 4103, '洛宁县', 0, 1),
(410329, 4103, '伊川县', 0, 1),
(410381, 4103, '偃师市', 0, 1),
(410402, 4104, '新华区', 0, 1),
(410403, 4104, '卫东区', 0, 1),
(410404, 4104, '石龙区', 0, 1),
(410411, 4104, '湛河区', 0, 1),
(410421, 4104, '宝丰县', 0, 1),
(410422, 4104, '叶县', 0, 1),
(410423, 4104, '鲁山县', 0, 1),
(410425, 4104, '郏县', 0, 1),
(410481, 4104, '舞钢市', 0, 1),
(410482, 4104, '汝州市', 0, 1),
(410502, 4105, '文峰区', 0, 1),
(410503, 4105, '北关区', 0, 1),
(410505, 4105, '殷都区', 0, 1),
(410506, 4105, '龙安区', 0, 1),
(410522, 4105, '安阳县', 0, 1),
(410523, 4105, '汤阴县', 0, 1),
(410526, 4105, '滑县', 0, 1),
(410527, 4105, '内黄县', 0, 1),
(410581, 4105, '林州市', 0, 1),
(410602, 4106, '鹤山区', 0, 1),
(410603, 4106, '山城区', 0, 1),
(410611, 4106, '淇滨区', 0, 1),
(410621, 4106, '浚县', 0, 1),
(410622, 4106, '淇县', 0, 1),
(410702, 4107, '红旗区', 0, 1),
(410703, 4107, '卫滨区', 0, 1),
(410704, 4107, '凤泉区', 0, 1),
(410711, 4107, '牧野区', 0, 1),
(410721, 4107, '新乡县', 0, 1),
(410724, 4107, '获嘉县', 0, 1),
(410725, 4107, '原阳县', 0, 1),
(410726, 4107, '延津县', 0, 1),
(410727, 4107, '封丘县', 0, 1),
(410728, 4107, '长垣县', 0, 1),
(410781, 4107, '卫辉市', 0, 1),
(410782, 4107, '辉县市', 0, 1),
(410802, 4108, '解放区', 0, 1),
(410803, 4108, '中站区', 0, 1),
(410804, 4108, '马村区', 0, 1),
(410811, 4108, '山阳区', 0, 1),
(410821, 4108, '修武县', 0, 1),
(410822, 4108, '博爱县', 0, 1),
(410823, 4108, '武陟县', 0, 1),
(410825, 4108, '温县', 0, 1),
(410882, 4108, '沁阳市', 0, 1),
(410883, 4108, '孟州市', 0, 1),
(410902, 4109, '华龙区', 0, 1),
(410922, 4109, '清丰县', 0, 1),
(410923, 4109, '南乐县', 0, 1),
(410926, 4109, '范县', 0, 1),
(410927, 4109, '台前县', 0, 1),
(410928, 4109, '濮阳县', 0, 1),
(411002, 4110, '魏都区', 0, 1),
(411023, 4110, '许昌县', 0, 1),
(411024, 4110, '鄢陵县', 0, 1),
(411025, 4110, '襄城县', 0, 1),
(411081, 4110, '禹州市', 0, 1),
(411082, 4110, '长葛市', 0, 1),
(411102, 4111, '源汇区', 0, 1),
(411103, 4111, '郾城区', 0, 1),
(411104, 4111, '召陵区', 0, 1),
(411121, 4111, '舞阳县', 0, 1),
(411122, 4111, '临颍县', 0, 1),
(411202, 4112, '湖滨区', 0, 1),
(411221, 4112, '渑池县', 0, 1),
(411222, 4112, '陕县', 0, 1),
(411224, 4112, '卢氏县', 0, 1),
(411281, 4112, '义马市', 0, 1),
(411282, 4112, '灵宝市', 0, 1),
(411302, 4113, '宛城区', 0, 1),
(411303, 4113, '卧龙区', 0, 1),
(411321, 4113, '南召县', 0, 1),
(411322, 4113, '方城县', 0, 1),
(411323, 4113, '西峡县', 0, 1),
(411324, 4113, '镇平县', 0, 1),
(411325, 4113, '内乡县', 0, 1),
(411326, 4113, '淅川县', 0, 1),
(411327, 4113, '社旗县', 0, 1),
(411328, 4113, '唐河县', 0, 1),
(411329, 4113, '新野县', 0, 1),
(411330, 4113, '桐柏县', 0, 1),
(411381, 4113, '邓州市', 0, 1),
(411402, 4114, '梁园区', 0, 1),
(411403, 4114, '睢阳区', 0, 1),
(411421, 4114, '民权县', 0, 1),
(411422, 4114, '睢县', 0, 1),
(411423, 4114, '宁陵县', 0, 1),
(411424, 4114, '柘城县', 0, 1),
(411425, 4114, '虞城县', 0, 1),
(411426, 4114, '夏邑县', 0, 1),
(411481, 4114, '永城市', 0, 1),
(411502, 4115, '浉河区', 0, 1),
(411503, 4115, '平桥区', 0, 1),
(411521, 4115, '罗山县', 0, 1),
(411522, 4115, '光山县', 0, 1),
(411523, 4115, '新县', 0, 1),
(411524, 4115, '商城县', 0, 1),
(411525, 4115, '固始县', 0, 1),
(411526, 4115, '潢川县', 0, 1),
(411527, 4115, '淮滨县', 0, 1),
(411528, 4115, '息县', 0, 1),
(411602, 4116, '川汇区', 0, 1),
(411621, 4116, '扶沟县', 0, 1),
(411622, 4116, '西华县', 0, 1),
(411623, 4116, '商水县', 0, 1),
(411624, 4116, '沈丘县', 0, 1),
(411625, 4116, '郸城县', 0, 1),
(411626, 4116, '淮阳县', 0, 1),
(411627, 4116, '太康县', 0, 1),
(411628, 4116, '鹿邑县', 0, 1),
(411681, 4116, '项城市', 0, 1),
(411702, 4117, '驿城区', 0, 1),
(411721, 4117, '西平县', 0, 1),
(411722, 4117, '上蔡县', 0, 1),
(411723, 4117, '平舆县', 0, 1),
(411724, 4117, '正阳县', 0, 1),
(411725, 4117, '确山县', 0, 1),
(411726, 4117, '泌阳县', 0, 1),
(411727, 4117, '汝南县', 0, 1),
(411728, 4117, '遂平县', 0, 1),
(411729, 4117, '新蔡县', 0, 1),
(419001, 4190, '济源市', 0, 1),
(420102, 4201, '江岸区', 0, 1),
(420103, 4201, '江汉区', 0, 1),
(420104, 4201, '硚口区', 0, 1),
(420105, 4201, '汉阳区', 0, 1),
(420106, 4201, '武昌区', 0, 1),
(420107, 4201, '青山区', 0, 1),
(420111, 4201, '洪山区', 0, 1),
(420112, 4201, '东西湖区', 0, 1),
(420113, 4201, '汉南区', 0, 1),
(420114, 4201, '蔡甸区', 0, 1),
(420115, 4201, '江夏区', 0, 1),
(420116, 4201, '黄陂区', 0, 1),
(420117, 4201, '新洲区', 0, 1),
(420202, 4202, '黄石港区', 0, 1),
(420203, 4202, '西塞山区', 0, 1),
(420204, 4202, '下陆区', 0, 1),
(420205, 4202, '铁山区', 0, 1),
(420222, 4202, '阳新县', 0, 1),
(420281, 4202, '大冶市', 0, 1),
(420302, 4203, '茅箭区', 0, 1),
(420303, 4203, '张湾区', 0, 1),
(420304, 4203, '郧阳区', 0, 1),
(420322, 4203, '郧西县', 0, 1),
(420323, 4203, '竹山县', 0, 1),
(420324, 4203, '竹溪县', 0, 1),
(420325, 4203, '房县', 0, 1),
(420381, 4203, '丹江口市', 0, 1),
(420502, 4205, '西陵区', 0, 1),
(420503, 4205, '伍家岗区', 0, 1),
(420504, 4205, '点军区', 0, 1),
(420505, 4205, '猇亭区', 0, 1),
(420506, 4205, '夷陵区', 0, 1),
(420525, 4205, '远安县', 0, 1),
(420526, 4205, '兴山县', 0, 1),
(420527, 4205, '秭归县', 0, 1),
(420528, 4205, '长阳土家族自治县', 0, 1),
(420529, 4205, '五峰土家族自治县', 0, 1),
(420581, 4205, '宜都市', 0, 1),
(420582, 4205, '当阳市', 0, 1),
(420583, 4205, '枝江市', 0, 1),
(420602, 4206, '襄城区', 0, 1),
(420606, 4206, '樊城区', 0, 1),
(420607, 4206, '襄州区', 0, 1),
(420624, 4206, '南漳县', 0, 1),
(420625, 4206, '谷城县', 0, 1),
(420626, 4206, '保康县', 0, 1),
(420682, 4206, '老河口市', 0, 1),
(420683, 4206, '枣阳市', 0, 1),
(420684, 4206, '宜城市', 0, 1),
(420702, 4207, '梁子湖区', 0, 1),
(420703, 4207, '华容区', 0, 1),
(420704, 4207, '鄂城区', 0, 1),
(420802, 4208, '东宝区', 0, 1),
(420804, 4208, '掇刀区', 0, 1),
(420821, 4208, '京山县', 0, 1),
(420822, 4208, '沙洋县', 0, 1),
(420881, 4208, '钟祥市', 0, 1),
(420902, 4209, '孝南区', 0, 1),
(420921, 4209, '孝昌县', 0, 1),
(420922, 4209, '大悟县', 0, 1),
(420923, 4209, '云梦县', 0, 1),
(420981, 4209, '应城市', 0, 1),
(420982, 4209, '安陆市', 0, 1),
(420984, 4209, '汉川市', 0, 1),
(421002, 4210, '沙市区', 0, 1),
(421003, 4210, '荆州区', 0, 1),
(421022, 4210, '公安县', 0, 1),
(421023, 4210, '监利县', 0, 1),
(421024, 4210, '江陵县', 0, 1),
(421081, 4210, '石首市', 0, 1),
(421083, 4210, '洪湖市', 0, 1),
(421087, 4210, '松滋市', 0, 1),
(421102, 4211, '黄州区', 0, 1),
(421121, 4211, '团风县', 0, 1),
(421122, 4211, '红安县', 0, 1),
(421123, 4211, '罗田县', 0, 1),
(421124, 4211, '英山县', 0, 1),
(421125, 4211, '浠水县', 0, 1),
(421126, 4211, '蕲春县', 0, 1),
(421127, 4211, '黄梅县', 0, 1),
(421181, 4211, '麻城市', 0, 1),
(421182, 4211, '武穴市', 0, 1),
(421202, 4212, '咸安区', 0, 1),
(421221, 4212, '嘉鱼县', 0, 1),
(421222, 4212, '通城县', 0, 1),
(421223, 4212, '崇阳县', 0, 1),
(421224, 4212, '通山县', 0, 1),
(421281, 4212, '赤壁市', 0, 1),
(421303, 4213, '曾都区', 0, 1),
(421321, 4213, '随县', 0, 1),
(421381, 4213, '广水市', 0, 1),
(422801, 4228, '恩施市', 0, 1),
(422802, 4228, '利川市', 0, 1),
(422822, 4228, '建始县', 0, 1),
(422823, 4228, '巴东县', 0, 1),
(422825, 4228, '宣恩县', 0, 1),
(422826, 4228, '咸丰县', 0, 1),
(422827, 4228, '来凤县', 0, 1),
(422828, 4228, '鹤峰县', 0, 1),
(429004, 4290, '仙桃市', 0, 1),
(429005, 4290, '潜江市', 0, 1),
(429006, 4290, '天门市', 0, 1),
(429021, 4290, '神农架林区', 0, 1),
(430102, 4301, '芙蓉区', 0, 1),
(430103, 4301, '天心区', 0, 1),
(430104, 4301, '岳麓区', 0, 1),
(430105, 4301, '开福区', 0, 1),
(430111, 4301, '雨花区', 0, 1),
(430112, 4301, '望城区', 0, 1),
(430121, 4301, '长沙县', 0, 1),
(430124, 4301, '宁乡县', 0, 1),
(430181, 4301, '浏阳市', 0, 1),
(430202, 4302, '荷塘区', 0, 1),
(430203, 4302, '芦淞区', 0, 1),
(430204, 4302, '石峰区', 0, 1),
(430211, 4302, '天元区', 0, 1),
(430221, 4302, '株洲县', 0, 1),
(430223, 4302, '攸县', 0, 1),
(430224, 4302, '茶陵县', 0, 1),
(430225, 4302, '炎陵县', 0, 1),
(430281, 4302, '醴陵市', 0, 1),
(430302, 4303, '雨湖区', 0, 1),
(430304, 4303, '岳塘区', 0, 1),
(430321, 4303, '湘潭县', 0, 1),
(430381, 4303, '湘乡市', 0, 1),
(430382, 4303, '韶山市', 0, 1),
(430405, 4304, '珠晖区', 0, 1),
(430406, 4304, '雁峰区', 0, 1),
(430407, 4304, '石鼓区', 0, 1),
(430408, 4304, '蒸湘区', 0, 1),
(430412, 4304, '南岳区', 0, 1),
(430421, 4304, '衡阳县', 0, 1),
(430422, 4304, '衡南县', 0, 1),
(430423, 4304, '衡山县', 0, 1),
(430424, 4304, '衡东县', 0, 1),
(430426, 4304, '祁东县', 0, 1),
(430481, 4304, '耒阳市', 0, 1),
(430482, 4304, '常宁市', 0, 1),
(430502, 4305, '双清区', 0, 1),
(430503, 4305, '大祥区', 0, 1),
(430511, 4305, '北塔区', 0, 1),
(430521, 4305, '邵东县', 0, 1),
(430522, 4305, '新邵县', 0, 1),
(430523, 4305, '邵阳县', 0, 1),
(430524, 4305, '隆回县', 0, 1),
(430525, 4305, '洞口县', 0, 1),
(430527, 4305, '绥宁县', 0, 1),
(430528, 4305, '新宁县', 0, 1),
(430529, 4305, '城步苗族自治县', 0, 1),
(430581, 4305, '武冈市', 0, 1),
(430602, 4306, '岳阳楼区', 0, 1),
(430603, 4306, '云溪区', 0, 1),
(430611, 4306, '君山区', 0, 1),
(430621, 4306, '岳阳县', 0, 1),
(430623, 4306, '华容县', 0, 1),
(430624, 4306, '湘阴县', 0, 1),
(430626, 4306, '平江县', 0, 1),
(430681, 4306, '汨罗市', 0, 1),
(430682, 4306, '临湘市', 0, 1),
(430702, 4307, '武陵区', 0, 1),
(430703, 4307, '鼎城区', 0, 1),
(430721, 4307, '安乡县', 0, 1),
(430722, 4307, '汉寿县', 0, 1),
(430723, 4307, '澧县', 0, 1),
(430724, 4307, '临澧县', 0, 1),
(430725, 4307, '桃源县', 0, 1),
(430726, 4307, '石门县', 0, 1),
(430781, 4307, '津市市', 0, 1),
(430802, 4308, '永定区', 0, 1),
(430811, 4308, '武陵源区', 0, 1),
(430821, 4308, '慈利县', 0, 1),
(430822, 4308, '桑植县', 0, 1),
(430902, 4309, '资阳区', 0, 1),
(430903, 4309, '赫山区', 0, 1),
(430921, 4309, '南县', 0, 1),
(430922, 4309, '桃江县', 0, 1),
(430923, 4309, '安化县', 0, 1),
(430981, 4309, '沅江市', 0, 1),
(431002, 4310, '北湖区', 0, 1),
(431003, 4310, '苏仙区', 0, 1),
(431021, 4310, '桂阳县', 0, 1),
(431022, 4310, '宜章县', 0, 1),
(431023, 4310, '永兴县', 0, 1),
(431024, 4310, '嘉禾县', 0, 1),
(431025, 4310, '临武县', 0, 1),
(431026, 4310, '汝城县', 0, 1),
(431027, 4310, '桂东县', 0, 1),
(431028, 4310, '安仁县', 0, 1),
(431081, 4310, '资兴市', 0, 1),
(431102, 4311, '零陵区', 0, 1),
(431103, 4311, '冷水滩区', 0, 1),
(431121, 4311, '祁阳县', 0, 1),
(431122, 4311, '东安县', 0, 1),
(431123, 4311, '双牌县', 0, 1),
(431124, 4311, '道县', 0, 1),
(431125, 4311, '江永县', 0, 1),
(431126, 4311, '宁远县', 0, 1),
(431127, 4311, '蓝山县', 0, 1),
(431128, 4311, '新田县', 0, 1),
(431129, 4311, '江华瑶族自治县', 0, 1),
(431202, 4312, '鹤城区', 0, 1),
(431221, 4312, '中方县', 0, 1),
(431222, 4312, '沅陵县', 0, 1),
(431223, 4312, '辰溪县', 0, 1),
(431224, 4312, '溆浦县', 0, 1),
(431225, 4312, '会同县', 0, 1),
(431226, 4312, '麻阳苗族自治县', 0, 1),
(431227, 4312, '新晃侗族自治县', 0, 1),
(431228, 4312, '芷江侗族自治县', 0, 1),
(431229, 4312, '靖州苗族侗族自治县', 0, 1),
(431230, 4312, '通道侗族自治县', 0, 1),
(431281, 4312, '洪江市', 0, 1),
(431302, 4313, '娄星区', 0, 1),
(431321, 4313, '双峰县', 0, 1),
(431322, 4313, '新化县', 0, 1),
(431381, 4313, '冷水江市', 0, 1),
(431382, 4313, '涟源市', 0, 1),
(433101, 4331, '吉首市', 0, 1),
(433122, 4331, '泸溪县', 0, 1),
(433123, 4331, '凤凰县', 0, 1),
(433124, 4331, '花垣县', 0, 1),
(433125, 4331, '保靖县', 0, 1),
(433126, 4331, '古丈县', 0, 1),
(433127, 4331, '永顺县', 0, 1),
(433130, 4331, '龙山县', 0, 1),
(440103, 4401, '荔湾区', 0, 1),
(440104, 4401, '越秀区', 0, 1),
(440105, 4401, '海珠区', 0, 1),
(440106, 4401, '天河区', 0, 1),
(440111, 4401, '白云区', 0, 1),
(440112, 4401, '黄埔区', 0, 1),
(440113, 4401, '番禺区', 0, 1),
(440114, 4401, '花都区', 0, 1),
(440115, 4401, '南沙区', 0, 1),
(440117, 4401, '从化区', 0, 1),
(440118, 4401, '增城区', 0, 1),
(440203, 4402, '武江区', 0, 1),
(440204, 4402, '浈江区', 0, 1),
(440205, 4402, '曲江区', 0, 1),
(440222, 4402, '始兴县', 0, 1),
(440224, 4402, '仁化县', 0, 1),
(440229, 4402, '翁源县', 0, 1),
(440232, 4402, '乳源瑶族自治县', 0, 1),
(440233, 4402, '新丰县', 0, 1),
(440281, 4402, '乐昌市', 0, 1),
(440282, 4402, '南雄市', 0, 1),
(440303, 4403, '罗湖区', 0, 1),
(440304, 4403, '福田区', 0, 1),
(440305, 4403, '南山区', 0, 1),
(440306, 4403, '宝安区', 0, 1),
(440307, 4403, '龙岗区', 0, 1),
(440308, 4403, '盐田区', 0, 1),
(440309, 4403, '光明新区', 0, 1),
(440310, 4403, '坪山新区', 0, 1),
(440311, 4403, '大鹏新区', 0, 1),
(440312, 4403, '龙华新区', 0, 1),
(440402, 4404, '香洲区', 0, 1),
(440403, 4404, '斗门区', 0, 1),
(440404, 4404, '金湾区', 0, 1),
(440507, 4405, '龙湖区', 0, 1),
(440511, 4405, '金平区', 0, 1),
(440512, 4405, '濠江区', 0, 1),
(440513, 4405, '潮阳区', 0, 1),
(440514, 4405, '潮南区', 0, 1),
(440515, 4405, '澄海区', 0, 1),
(440523, 4405, '南澳县', 0, 1),
(440604, 4406, '禅城区', 0, 1),
(440605, 4406, '南海区', 0, 1),
(440606, 4406, '顺德区', 0, 1),
(440607, 4406, '三水区', 0, 1),
(440608, 4406, '高明区', 0, 1),
(440703, 4407, '蓬江区', 0, 1),
(440704, 4407, '江海区', 0, 1),
(440705, 4407, '新会区', 0, 1),
(440781, 4407, '台山市', 0, 1),
(440783, 4407, '开平市', 0, 1),
(440784, 4407, '鹤山市', 0, 1),
(440785, 4407, '恩平市', 0, 1),
(440802, 4408, '赤坎区', 0, 1),
(440803, 4408, '霞山区', 0, 1),
(440804, 4408, '坡头区', 0, 1),
(440811, 4408, '麻章区', 0, 1),
(440823, 4408, '遂溪县', 0, 1),
(440825, 4408, '徐闻县', 0, 1),
(440881, 4408, '廉江市', 0, 1),
(440882, 4408, '雷州市', 0, 1),
(440883, 4408, '吴川市', 0, 1),
(440902, 4409, '茂南区', 0, 1),
(440904, 4409, '电白区', 0, 1),
(440981, 4409, '高州市', 0, 1),
(440982, 4409, '化州市', 0, 1),
(440983, 4409, '信宜市', 0, 1),
(441202, 4412, '端州区', 0, 1),
(441203, 4412, '鼎湖区', 0, 1),
(441223, 4412, '广宁县', 0, 1),
(441224, 4412, '怀集县', 0, 1),
(441225, 4412, '封开县', 0, 1),
(441226, 4412, '德庆县', 0, 1),
(441283, 4412, '高要市', 0, 1),
(441284, 4412, '四会市', 0, 1),
(441302, 4413, '惠城区', 0, 1),
(441303, 4413, '惠阳区', 0, 1),
(441322, 4413, '博罗县', 0, 1),
(441323, 4413, '惠东县', 0, 1),
(441324, 4413, '龙门县', 0, 1),
(441402, 4414, '梅江区', 0, 1),
(441403, 4414, '梅县区', 0, 1),
(441422, 4414, '大埔县', 0, 1),
(441423, 4414, '丰顺县', 0, 1),
(441424, 4414, '五华县', 0, 1),
(441426, 4414, '平远县', 0, 1),
(441427, 4414, '蕉岭县', 0, 1),
(441481, 4414, '兴宁市', 0, 1),
(441502, 4415, '城区', 0, 1),
(441521, 4415, '海丰县', 0, 1);
INSERT INTO `db_regions` (`region_id`, `city_id`, `region`, `position`, `is_active`) VALUES
(441523, 4415, '陆河县', 0, 1),
(441581, 4415, '陆丰市', 0, 1),
(441602, 4416, '源城区', 0, 1),
(441621, 4416, '紫金县', 0, 1),
(441622, 4416, '龙川县', 0, 1),
(441623, 4416, '连平县', 0, 1),
(441624, 4416, '和平县', 0, 1),
(441625, 4416, '东源县', 0, 1),
(441702, 4417, '江城区', 0, 1),
(441704, 4417, '阳东区', 0, 1),
(441721, 4417, '阳西县', 0, 1),
(441781, 4417, '阳春市', 0, 1),
(441802, 4418, '清城区', 0, 1),
(441803, 4418, '清新区', 0, 1),
(441821, 4418, '佛冈县', 0, 1),
(441823, 4418, '阳山县', 0, 1),
(441825, 4418, '连山壮族瑶族自治县', 0, 1),
(441826, 4418, '连南瑶族自治县', 0, 1),
(441881, 4418, '英德市', 0, 1),
(441882, 4418, '连州市', 0, 1),
(441901, 4419, '莞城区', 0, 1),
(441902, 4419, '南城区', 0, 1),
(441904, 4419, '万江区', 0, 1),
(441905, 4419, '石碣镇', 0, 1),
(441906, 4419, '石龙镇', 0, 1),
(441907, 4419, '茶山镇', 0, 1),
(441908, 4419, '石排镇', 0, 1),
(441909, 4419, '企石镇', 0, 1),
(441910, 4419, '横沥镇', 0, 1),
(441911, 4419, '桥头镇', 0, 1),
(441912, 4419, '谢岗镇', 0, 1),
(441913, 4419, '东坑镇', 0, 1),
(441914, 4419, '常平镇', 0, 1),
(441915, 4419, '寮步镇', 0, 1),
(441916, 4419, '大朗镇', 0, 1),
(441917, 4419, '麻涌镇', 0, 1),
(441918, 4419, '中堂镇', 0, 1),
(441919, 4419, '高埗镇', 0, 1),
(441920, 4419, '樟木头镇', 0, 1),
(441921, 4419, '大岭山镇', 0, 1),
(441922, 4419, '望牛墩镇', 0, 1),
(441923, 4419, '黄江镇', 0, 1),
(441924, 4419, '洪梅镇', 0, 1),
(441925, 4419, '清溪镇', 0, 1),
(441926, 4419, '沙田镇', 0, 1),
(441927, 4419, '道滘镇', 0, 1),
(441928, 4419, '塘厦镇', 0, 1),
(441929, 4419, '虎门镇', 0, 1),
(441930, 4419, '厚街镇', 0, 1),
(441931, 4419, '凤岗镇', 0, 1),
(441932, 4419, '长安镇', 0, 1),
(442001, 4420, '石岐区', 0, 1),
(442004, 4420, '南区', 0, 1),
(442005, 4420, '五桂山区', 0, 1),
(442006, 4420, '火炬开发区', 0, 1),
(442007, 4420, '黄圃镇', 0, 1),
(442008, 4420, '南头镇', 0, 1),
(442009, 4420, '东凤镇', 0, 1),
(442010, 4420, '阜沙镇', 0, 1),
(442011, 4420, '小榄镇', 0, 1),
(442012, 4420, '东升镇', 0, 1),
(442013, 4420, '古镇镇', 0, 1),
(442014, 4420, '横栏镇', 0, 1),
(442015, 4420, '三角镇', 0, 1),
(442016, 4420, '民众镇', 0, 1),
(442017, 4420, '南朗镇', 0, 1),
(442018, 4420, '港口镇', 0, 1),
(442019, 4420, '大涌镇', 0, 1),
(442020, 4420, '沙溪镇', 0, 1),
(442021, 4420, '三乡镇', 0, 1),
(442022, 4420, '板芙镇', 0, 1),
(442023, 4420, '神湾镇', 0, 1),
(442024, 4420, '坦洲镇', 0, 1),
(445102, 4451, '湘桥区', 0, 1),
(445103, 4451, '潮安区', 0, 1),
(445122, 4451, '饶平县', 0, 1),
(445202, 4452, '榕城区', 0, 1),
(445203, 4452, '揭东区', 0, 1),
(445222, 4452, '揭西县', 0, 1),
(445224, 4452, '惠来县', 0, 1),
(445281, 4452, '普宁市', 0, 1),
(445302, 4453, '云城区', 0, 1),
(445303, 4453, '云安区', 0, 1),
(445321, 4453, '新兴县', 0, 1),
(445322, 4453, '郁南县', 0, 1),
(445381, 4453, '罗定市', 0, 1),
(450102, 4501, '兴宁区', 0, 1),
(450103, 4501, '青秀区', 0, 1),
(450105, 4501, '江南区', 0, 1),
(450107, 4501, '西乡塘区', 0, 1),
(450108, 4501, '良庆区', 0, 1),
(450109, 4501, '邕宁区', 0, 1),
(450122, 4501, '武鸣县', 0, 1),
(450123, 4501, '隆安县', 0, 1),
(450124, 4501, '马山县', 0, 1),
(450125, 4501, '上林县', 0, 1),
(450126, 4501, '宾阳县', 0, 1),
(450127, 4501, '横县', 0, 1),
(450128, 4501, '埌东新区', 0, 1),
(450202, 4502, '城中区', 0, 1),
(450203, 4502, '鱼峰区', 0, 1),
(450204, 4502, '柳南区', 0, 1),
(450205, 4502, '柳北区', 0, 1),
(450221, 4502, '柳江县', 0, 1),
(450222, 4502, '柳城县', 0, 1),
(450223, 4502, '鹿寨县', 0, 1),
(450224, 4502, '融安县', 0, 1),
(450225, 4502, '融水苗族自治县', 0, 1),
(450226, 4502, '三江侗族自治县', 0, 1),
(450227, 4502, '柳东新区', 0, 1),
(450302, 4503, '秀峰区', 0, 1),
(450303, 4503, '叠彩区', 0, 1),
(450304, 4503, '象山区', 0, 1),
(450305, 4503, '七星区', 0, 1),
(450311, 4503, '雁山区', 0, 1),
(450312, 4503, '临桂区', 0, 1),
(450321, 4503, '阳朔县', 0, 1),
(450323, 4503, '灵川县', 0, 1),
(450324, 4503, '全州县', 0, 1),
(450325, 4503, '兴安县', 0, 1),
(450326, 4503, '永福县', 0, 1),
(450327, 4503, '灌阳县', 0, 1),
(450328, 4503, '龙胜各族自治县', 0, 1),
(450329, 4503, '资源县', 0, 1),
(450330, 4503, '平乐县', 0, 1),
(450331, 4503, '荔浦县', 0, 1),
(450332, 4503, '恭城瑶族自治县', 0, 1),
(450403, 4504, '万秀区', 0, 1),
(450405, 4504, '长洲区', 0, 1),
(450406, 4504, '龙圩区', 0, 1),
(450421, 4504, '苍梧县', 0, 1),
(450422, 4504, '藤县', 0, 1),
(450423, 4504, '蒙山县', 0, 1),
(450481, 4504, '岑溪市', 0, 1),
(450502, 4505, '海城区', 0, 1),
(450503, 4505, '银海区', 0, 1),
(450512, 4505, '铁山港区', 0, 1),
(450521, 4505, '合浦县', 0, 1),
(450602, 4506, '港口区', 0, 1),
(450603, 4506, '防城区', 0, 1),
(450621, 4506, '上思县', 0, 1),
(450681, 4506, '东兴市', 0, 1),
(450702, 4507, '钦南区', 0, 1),
(450703, 4507, '钦北区', 0, 1),
(450721, 4507, '灵山县', 0, 1),
(450722, 4507, '浦北县', 0, 1),
(450802, 4508, '港北区', 0, 1),
(450803, 4508, '港南区', 0, 1),
(450804, 4508, '覃塘区', 0, 1),
(450821, 4508, '平南县', 0, 1),
(450881, 4508, '桂平市', 0, 1),
(450902, 4509, '玉州区', 0, 1),
(450903, 4509, '福绵区', 0, 1),
(450904, 4509, '玉东新区', 0, 1),
(450921, 4509, '容县', 0, 1),
(450922, 4509, '陆川县', 0, 1),
(450923, 4509, '博白县', 0, 1),
(450924, 4509, '兴业县', 0, 1),
(450981, 4509, '北流市', 0, 1),
(451002, 4510, '右江区', 0, 1),
(451021, 4510, '田阳县', 0, 1),
(451022, 4510, '田东县', 0, 1),
(451023, 4510, '平果县', 0, 1),
(451024, 4510, '德保县', 0, 1),
(451025, 4510, '靖西县', 0, 1),
(451026, 4510, '那坡县', 0, 1),
(451027, 4510, '凌云县', 0, 1),
(451028, 4510, '乐业县', 0, 1),
(451029, 4510, '田林县', 0, 1),
(451030, 4510, '西林县', 0, 1),
(451031, 4510, '隆林各族自治县', 0, 1),
(451102, 4511, '八步区', 0, 1),
(451121, 4511, '昭平县', 0, 1),
(451122, 4511, '钟山县', 0, 1),
(451123, 4511, '富川瑶族自治县', 0, 1),
(451124, 4511, '平桂管理区', 0, 1),
(451202, 4512, '金城江区', 0, 1),
(451221, 4512, '南丹县', 0, 1),
(451222, 4512, '天峨县', 0, 1),
(451223, 4512, '凤山县', 0, 1),
(451224, 4512, '东兰县', 0, 1),
(451225, 4512, '罗城仫佬族自治县', 0, 1),
(451226, 4512, '环江毛南族自治县', 0, 1),
(451227, 4512, '巴马瑶族自治县', 0, 1),
(451228, 4512, '都安瑶族自治县', 0, 1),
(451229, 4512, '大化瑶族自治县', 0, 1),
(451281, 4512, '宜州市', 0, 1),
(451302, 4513, '兴宾区', 0, 1),
(451321, 4513, '忻城县', 0, 1),
(451322, 4513, '象州县', 0, 1),
(451323, 4513, '武宣县', 0, 1),
(451324, 4513, '金秀瑶族自治县', 0, 1),
(451381, 4513, '合山市', 0, 1),
(451402, 4514, '江州区', 0, 1),
(451421, 4514, '扶绥县', 0, 1),
(451422, 4514, '宁明县', 0, 1),
(451423, 4514, '龙州县', 0, 1),
(451424, 4514, '大新县', 0, 1),
(451425, 4514, '天等县', 0, 1),
(451481, 4514, '凭祥市', 0, 1),
(460105, 4601, '秀英区', 0, 1),
(460106, 4601, '龙华区', 0, 1),
(460107, 4601, '琼山区', 0, 1),
(460108, 4601, '美兰区', 0, 1),
(460202, 4602, '海棠区', 0, 1),
(460203, 4602, '吉阳区', 0, 1),
(460204, 4602, '天涯区', 0, 1),
(460205, 4602, '崖州区', 0, 1),
(460321, 4603, '西沙群岛', 0, 1),
(460322, 4603, '南沙群岛', 0, 1),
(460323, 4603, '中沙群岛', 0, 1),
(469001, 4690, '五指山市', 0, 1),
(469002, 4690, '琼海市', 0, 1),
(469003, 4690, '儋州市', 0, 1),
(469005, 4690, '文昌市', 0, 1),
(469006, 4690, '万宁市', 0, 1),
(469007, 4690, '东方市', 0, 1),
(469021, 4690, '定安县', 0, 1),
(469022, 4690, '屯昌县', 0, 1),
(469023, 4690, '澄迈县', 0, 1),
(469024, 4690, '临高县', 0, 1),
(469025, 4690, '白沙黎族自治县', 0, 1),
(469026, 4690, '昌江黎族自治县', 0, 1),
(469027, 4690, '乐东黎族自治县', 0, 1),
(469028, 4690, '陵水黎族自治县', 0, 1),
(469029, 4690, '保亭黎族苗族自治县', 0, 1),
(469030, 4690, '琼中黎族苗族自治县', 0, 1),
(500101, 5001, '万州区', 0, 1),
(500102, 5001, '涪陵区', 0, 1),
(500103, 5001, '渝中区', 0, 1),
(500104, 5001, '大渡口区', 0, 1),
(500105, 5001, '江北区', 0, 1),
(500106, 5001, '沙坪坝区', 0, 1),
(500107, 5001, '九龙坡区', 0, 1),
(500108, 5001, '南岸区', 0, 1),
(500109, 5001, '北碚区', 0, 1),
(500110, 5001, '綦江区', 0, 1),
(500111, 5001, '大足区', 0, 1),
(500112, 5001, '渝北区', 0, 1),
(500113, 5001, '巴南区', 0, 1),
(500114, 5001, '黔江区', 0, 1),
(500115, 5001, '长寿区', 0, 1),
(500116, 5001, '江津区', 0, 1),
(500117, 5001, '合川区', 0, 1),
(500118, 5001, '永川区', 0, 1),
(500119, 5001, '南川区', 0, 1),
(500120, 5001, '璧山区', 0, 1),
(500151, 5001, '铜梁区', 0, 1),
(500223, 5001, '潼南县', 0, 1),
(500226, 5001, '荣昌县', 0, 1),
(500228, 5001, '梁平县', 0, 1),
(500229, 5001, '城口县', 0, 1),
(500230, 5001, '丰都县', 0, 1),
(500231, 5001, '垫江县', 0, 1),
(500232, 5001, '武隆县', 0, 1),
(500233, 5001, '忠县', 0, 1),
(500234, 5001, '开县', 0, 1),
(500235, 5001, '云阳县', 0, 1),
(500236, 5001, '奉节县', 0, 1),
(500237, 5001, '巫山县', 0, 1),
(500238, 5001, '巫溪县', 0, 1),
(500240, 5001, '石柱土家族自治县', 0, 1),
(500241, 5001, '秀山土家族苗族自治县', 0, 1),
(500242, 5001, '酉阳土家族苗族自治县', 0, 1),
(500243, 5001, '彭水苗族土家族自治县', 0, 1),
(500301, 5003, '北部新区', 0, 1),
(500302, 5003, '保税港区', 0, 1),
(500303, 5003, '工业园区', 0, 1),
(510104, 5101, '锦江区', 0, 1),
(510105, 5101, '青羊区', 0, 1),
(510106, 5101, '金牛区', 0, 1),
(510107, 5101, '武侯区', 0, 1),
(510108, 5101, '成华区', 0, 1),
(510112, 5101, '龙泉驿区', 0, 1),
(510113, 5101, '青白江区', 0, 1),
(510114, 5101, '新都区', 0, 1),
(510115, 5101, '温江区', 0, 1),
(510121, 5101, '金堂县', 0, 1),
(510122, 5101, '双流县', 0, 1),
(510124, 5101, '郫县', 0, 1),
(510129, 5101, '大邑县', 0, 1),
(510131, 5101, '蒲江县', 0, 1),
(510132, 5101, '新津县', 0, 1),
(510181, 5101, '都江堰市', 0, 1),
(510182, 5101, '彭州市', 0, 1),
(510183, 5101, '邛崃市', 0, 1),
(510184, 5101, '崇州市', 0, 1),
(510302, 5103, '自流井区', 0, 1),
(510303, 5103, '贡井区', 0, 1),
(510304, 5103, '大安区', 0, 1),
(510311, 5103, '沿滩区', 0, 1),
(510321, 5103, '荣县', 0, 1),
(510322, 5103, '富顺县', 0, 1),
(510402, 5104, '东区', 0, 1),
(510403, 5104, '西区', 0, 1),
(510411, 5104, '仁和区', 0, 1),
(510421, 5104, '米易县', 0, 1),
(510422, 5104, '盐边县', 0, 1),
(510502, 5105, '江阳区', 0, 1),
(510503, 5105, '纳溪区', 0, 1),
(510504, 5105, '龙马潭区', 0, 1),
(510521, 5105, '泸县', 0, 1),
(510522, 5105, '合江县', 0, 1),
(510524, 5105, '叙永县', 0, 1),
(510525, 5105, '古蔺县', 0, 1),
(510603, 5106, '旌阳区', 0, 1),
(510623, 5106, '中江县', 0, 1),
(510626, 5106, '罗江县', 0, 1),
(510681, 5106, '广汉市', 0, 1),
(510682, 5106, '什邡市', 0, 1),
(510683, 5106, '绵竹市', 0, 1),
(510703, 5107, '涪城区', 0, 1),
(510704, 5107, '游仙区', 0, 1),
(510722, 5107, '三台县', 0, 1),
(510723, 5107, '盐亭县', 0, 1),
(510724, 5107, '安县', 0, 1),
(510725, 5107, '梓潼县', 0, 1),
(510726, 5107, '北川羌族自治县', 0, 1),
(510727, 5107, '平武县', 0, 1),
(510781, 5107, '江油市', 0, 1),
(510802, 5108, '利州区', 0, 1),
(510811, 5108, '昭化区', 0, 1),
(510812, 5108, '朝天区', 0, 1),
(510821, 5108, '旺苍县', 0, 1),
(510822, 5108, '青川县', 0, 1),
(510823, 5108, '剑阁县', 0, 1),
(510824, 5108, '苍溪县', 0, 1),
(510903, 5109, '船山区', 0, 1),
(510904, 5109, '安居区', 0, 1),
(510921, 5109, '蓬溪县', 0, 1),
(510922, 5109, '射洪县', 0, 1),
(510923, 5109, '大英县', 0, 1),
(511002, 5110, '市中区', 0, 1),
(511011, 5110, '东兴区', 0, 1),
(511024, 5110, '威远县', 0, 1),
(511025, 5110, '资中县', 0, 1),
(511028, 5110, '隆昌县', 0, 1),
(511102, 5111, '市中区', 0, 1),
(511111, 5111, '沙湾区', 0, 1),
(511112, 5111, '五通桥区', 0, 1),
(511113, 5111, '金口河区', 0, 1),
(511123, 5111, '犍为县', 0, 1),
(511124, 5111, '井研县', 0, 1),
(511126, 5111, '夹江县', 0, 1),
(511129, 5111, '沐川县', 0, 1),
(511132, 5111, '峨边彝族自治县', 0, 1),
(511133, 5111, '马边彝族自治县', 0, 1),
(511181, 5111, '峨眉山市', 0, 1),
(511302, 5113, '顺庆区', 0, 1),
(511303, 5113, '高坪区', 0, 1),
(511304, 5113, '嘉陵区', 0, 1),
(511321, 5113, '南部县', 0, 1),
(511322, 5113, '营山县', 0, 1),
(511323, 5113, '蓬安县', 0, 1),
(511324, 5113, '仪陇县', 0, 1),
(511325, 5113, '西充县', 0, 1),
(511381, 5113, '阆中市', 0, 1),
(511402, 5114, '东坡区', 0, 1),
(511403, 5114, '彭山区', 0, 1),
(511421, 5114, '仁寿县', 0, 1),
(511423, 5114, '洪雅县', 0, 1),
(511424, 5114, '丹棱县', 0, 1),
(511425, 5114, '青神县', 0, 1),
(511502, 5115, '翠屏区', 0, 1),
(511503, 5115, '南溪区', 0, 1),
(511521, 5115, '宜宾县', 0, 1),
(511523, 5115, '江安县', 0, 1),
(511524, 5115, '长宁县', 0, 1),
(511525, 5115, '高县', 0, 1),
(511526, 5115, '珙县', 0, 1),
(511527, 5115, '筠连县', 0, 1),
(511528, 5115, '兴文县', 0, 1),
(511529, 5115, '屏山县', 0, 1),
(511602, 5116, '广安区', 0, 1),
(511603, 5116, '前锋区', 0, 1),
(511621, 5116, '岳池县', 0, 1),
(511622, 5116, '武胜县', 0, 1),
(511623, 5116, '邻水县', 0, 1),
(511681, 5116, '华蓥市', 0, 1),
(511702, 5117, '通川区', 0, 1),
(511703, 5117, '达川区', 0, 1),
(511722, 5117, '宣汉县', 0, 1),
(511723, 5117, '开江县', 0, 1),
(511724, 5117, '大竹县', 0, 1),
(511725, 5117, '渠县', 0, 1),
(511781, 5117, '万源市', 0, 1),
(511802, 5118, '雨城区', 0, 1),
(511803, 5118, '名山区', 0, 1),
(511822, 5118, '荥经县', 0, 1),
(511823, 5118, '汉源县', 0, 1),
(511824, 5118, '石棉县', 0, 1),
(511825, 5118, '天全县', 0, 1),
(511826, 5118, '芦山县', 0, 1),
(511827, 5118, '宝兴县', 0, 1),
(511902, 5119, '巴州区', 0, 1),
(511903, 5119, '恩阳区', 0, 1),
(511921, 5119, '通江县', 0, 1),
(511922, 5119, '南江县', 0, 1),
(511923, 5119, '平昌县', 0, 1),
(512002, 5120, '雁江区', 0, 1),
(512021, 5120, '安岳县', 0, 1),
(512022, 5120, '乐至县', 0, 1),
(512081, 5120, '简阳市', 0, 1),
(513221, 5132, '汶川县', 0, 1),
(513222, 5132, '理县', 0, 1),
(513223, 5132, '茂县', 0, 1),
(513224, 5132, '松潘县', 0, 1),
(513225, 5132, '九寨沟县', 0, 1),
(513226, 5132, '金川县', 0, 1),
(513227, 5132, '小金县', 0, 1),
(513228, 5132, '黑水县', 0, 1),
(513229, 5132, '马尔康县', 0, 1),
(513230, 5132, '壤塘县', 0, 1),
(513231, 5132, '阿坝县', 0, 1),
(513232, 5132, '若尔盖县', 0, 1),
(513233, 5132, '红原县', 0, 1),
(513321, 5133, '康定县', 0, 1),
(513322, 5133, '泸定县', 0, 1),
(513323, 5133, '丹巴县', 0, 1),
(513324, 5133, '九龙县', 0, 1),
(513325, 5133, '雅江县', 0, 1),
(513326, 5133, '道孚县', 0, 1),
(513327, 5133, '炉霍县', 0, 1),
(513328, 5133, '甘孜县', 0, 1),
(513329, 5133, '新龙县', 0, 1),
(513330, 5133, '德格县', 0, 1),
(513331, 5133, '白玉县', 0, 1),
(513332, 5133, '石渠县', 0, 1),
(513333, 5133, '色达县', 0, 1),
(513334, 5133, '理塘县', 0, 1),
(513335, 5133, '巴塘县', 0, 1),
(513336, 5133, '乡城县', 0, 1),
(513337, 5133, '稻城县', 0, 1),
(513338, 5133, '得荣县', 0, 1),
(513401, 5134, '西昌市', 0, 1),
(513422, 5134, '木里藏族自治县', 0, 1),
(513423, 5134, '盐源县', 0, 1),
(513424, 5134, '德昌县', 0, 1),
(513425, 5134, '会理县', 0, 1),
(513426, 5134, '会东县', 0, 1),
(513427, 5134, '宁南县', 0, 1),
(513428, 5134, '普格县', 0, 1),
(513429, 5134, '布拖县', 0, 1),
(513430, 5134, '金阳县', 0, 1),
(513431, 5134, '昭觉县', 0, 1),
(513432, 5134, '喜德县', 0, 1),
(513433, 5134, '冕宁县', 0, 1),
(513434, 5134, '越西县', 0, 1),
(513435, 5134, '甘洛县', 0, 1),
(513436, 5134, '美姑县', 0, 1),
(513437, 5134, '雷波县', 0, 1),
(520102, 5201, '南明区', 0, 1),
(520103, 5201, '云岩区', 0, 1),
(520111, 5201, '花溪区', 0, 1),
(520112, 5201, '乌当区', 0, 1),
(520113, 5201, '白云区', 0, 1),
(520115, 5201, '观山湖区', 0, 1),
(520121, 5201, '开阳县', 0, 1),
(520122, 5201, '息烽县', 0, 1),
(520123, 5201, '修文县', 0, 1),
(520181, 5201, '清镇市', 0, 1),
(520201, 5202, '钟山区', 0, 1),
(520203, 5202, '六枝特区', 0, 1),
(520221, 5202, '水城县', 0, 1),
(520222, 5202, '盘县', 0, 1),
(520302, 5203, '红花岗区', 0, 1),
(520303, 5203, '汇川区', 0, 1),
(520321, 5203, '遵义县', 0, 1),
(520322, 5203, '桐梓县', 0, 1),
(520323, 5203, '绥阳县', 0, 1),
(520324, 5203, '正安县', 0, 1),
(520325, 5203, '道真仡佬族苗族自治县', 0, 1),
(520326, 5203, '务川仡佬族苗族自治县', 0, 1),
(520327, 5203, '凤冈县', 0, 1),
(520328, 5203, '湄潭县', 0, 1),
(520329, 5203, '余庆县', 0, 1),
(520330, 5203, '习水县', 0, 1),
(520381, 5203, '赤水市', 0, 1),
(520382, 5203, '仁怀市', 0, 1),
(520402, 5204, '西秀区', 0, 1),
(520421, 5204, '平坝区', 0, 1),
(520422, 5204, '普定县', 0, 1),
(520423, 5204, '镇宁布依族苗族自治县', 0, 1),
(520424, 5204, '关岭布依族苗族自治县', 0, 1),
(520425, 5204, '紫云苗族布依族自治县', 0, 1),
(520502, 5205, '七星关区', 0, 1),
(520521, 5205, '大方县', 0, 1),
(520522, 5205, '黔西县', 0, 1),
(520523, 5205, '金沙县', 0, 1),
(520524, 5205, '织金县', 0, 1),
(520525, 5205, '纳雍县', 0, 1),
(520526, 5205, '威宁彝族回族苗族自治县', 0, 1),
(520527, 5205, '赫章县', 0, 1),
(520602, 5206, '碧江区', 0, 1),
(520603, 5206, '万山区', 0, 1),
(520621, 5206, '江口县', 0, 1),
(520622, 5206, '玉屏侗族自治县', 0, 1),
(520623, 5206, '石阡县', 0, 1),
(520624, 5206, '思南县', 0, 1),
(520625, 5206, '印江土家族苗族自治县', 0, 1),
(520626, 5206, '德江县', 0, 1),
(520627, 5206, '沿河土家族自治县', 0, 1),
(520628, 5206, '松桃苗族自治县', 0, 1),
(522301, 5223, '兴义市 ', 0, 1),
(522322, 5223, '兴仁县', 0, 1),
(522323, 5223, '普安县', 0, 1),
(522324, 5223, '晴隆县', 0, 1),
(522325, 5223, '贞丰县', 0, 1),
(522326, 5223, '望谟县', 0, 1),
(522327, 5223, '册亨县', 0, 1),
(522328, 5223, '安龙县', 0, 1),
(522601, 5226, '凯里市', 0, 1),
(522622, 5226, '黄平县', 0, 1),
(522623, 5226, '施秉县', 0, 1),
(522624, 5226, '三穗县', 0, 1),
(522625, 5226, '镇远县', 0, 1),
(522626, 5226, '岑巩县', 0, 1),
(522627, 5226, '天柱县', 0, 1),
(522628, 5226, '锦屏县', 0, 1),
(522629, 5226, '剑河县', 0, 1),
(522630, 5226, '台江县', 0, 1),
(522631, 5226, '黎平县', 0, 1),
(522632, 5226, '榕江县', 0, 1),
(522633, 5226, '从江县', 0, 1),
(522634, 5226, '雷山县', 0, 1),
(522635, 5226, '麻江县', 0, 1),
(522636, 5226, '丹寨县', 0, 1),
(522701, 5227, '都匀市', 0, 1),
(522702, 5227, '福泉市', 0, 1),
(522722, 5227, '荔波县', 0, 1),
(522723, 5227, '贵定县', 0, 1),
(522725, 5227, '瓮安县', 0, 1),
(522726, 5227, '独山县', 0, 1),
(522727, 5227, '平塘县', 0, 1),
(522728, 5227, '罗甸县', 0, 1),
(522729, 5227, '长顺县', 0, 1),
(522730, 5227, '龙里县', 0, 1),
(522731, 5227, '惠水县', 0, 1),
(522732, 5227, '三都水族自治县', 0, 1),
(530102, 5301, '五华区', 0, 1),
(530103, 5301, '盘龙区', 0, 1),
(530111, 5301, '官渡区', 0, 1),
(530112, 5301, '西山区', 0, 1),
(530113, 5301, '东川区', 0, 1),
(530114, 5301, '呈贡区', 0, 1),
(530122, 5301, '晋宁县', 0, 1),
(530124, 5301, '富民县', 0, 1),
(530125, 5301, '宜良县', 0, 1),
(530126, 5301, '石林彝族自治县', 0, 1),
(530127, 5301, '嵩明县', 0, 1),
(530128, 5301, '禄劝彝族苗族自治县', 0, 1),
(530129, 5301, '寻甸回族彝族自治县 ', 0, 1),
(530181, 5301, '安宁市', 0, 1),
(530302, 5303, '麒麟区', 0, 1),
(530321, 5303, '马龙县', 0, 1),
(530322, 5303, '陆良县', 0, 1),
(530323, 5303, '师宗县', 0, 1),
(530324, 5303, '罗平县', 0, 1),
(530325, 5303, '富源县', 0, 1),
(530326, 5303, '会泽县', 0, 1),
(530328, 5303, '沾益县', 0, 1),
(530381, 5303, '宣威市', 0, 1),
(530402, 5304, '红塔区', 0, 1),
(530421, 5304, '江川县', 0, 1),
(530422, 5304, '澄江县', 0, 1),
(530423, 5304, '通海县', 0, 1),
(530424, 5304, '华宁县', 0, 1),
(530425, 5304, '易门县', 0, 1),
(530426, 5304, '峨山彝族自治县', 0, 1),
(530427, 5304, '新平彝族傣族自治县', 0, 1),
(530428, 5304, '元江哈尼族彝族傣族自治县', 0, 1),
(530502, 5305, '隆阳区', 0, 1),
(530521, 5305, '施甸县', 0, 1),
(530522, 5305, '腾冲县', 0, 1),
(530523, 5305, '龙陵县', 0, 1),
(530524, 5305, '昌宁县', 0, 1),
(530602, 5306, '昭阳区', 0, 1),
(530621, 5306, '鲁甸县', 0, 1),
(530622, 5306, '巧家县', 0, 1),
(530623, 5306, '盐津县', 0, 1),
(530624, 5306, '大关县', 0, 1),
(530625, 5306, '永善县', 0, 1),
(530626, 5306, '绥江县', 0, 1),
(530627, 5306, '镇雄县', 0, 1),
(530628, 5306, '彝良县', 0, 1),
(530629, 5306, '威信县', 0, 1),
(530630, 5306, '水富县', 0, 1),
(530702, 5307, '古城区', 0, 1),
(530721, 5307, '玉龙纳西族自治县', 0, 1),
(530722, 5307, '永胜县', 0, 1),
(530723, 5307, '华坪县', 0, 1),
(530724, 5307, '宁蒗彝族自治县', 0, 1),
(530802, 5308, '思茅区', 0, 1),
(530821, 5308, '宁洱哈尼族彝族自治县', 0, 1),
(530822, 5308, '墨江哈尼族自治县', 0, 1),
(530823, 5308, '景东彝族自治县', 0, 1),
(530824, 5308, '景谷傣族彝族自治县', 0, 1),
(530825, 5308, '镇沅彝族哈尼族拉祜族自治县', 0, 1),
(530826, 5308, '江城哈尼族彝族自治县', 0, 1),
(530827, 5308, '孟连傣族拉祜族佤族自治县', 0, 1),
(530828, 5308, '澜沧拉祜族自治县', 0, 1),
(530829, 5308, '西盟佤族自治县', 0, 1),
(530902, 5309, '临翔区', 0, 1),
(530921, 5309, '凤庆县', 0, 1),
(530922, 5309, '云县', 0, 1),
(530923, 5309, '永德县', 0, 1),
(530924, 5309, '镇康县', 0, 1),
(530925, 5309, '双江拉祜族佤族布朗族傣族自治县', 0, 1),
(530926, 5309, '耿马傣族佤族自治县', 0, 1),
(530927, 5309, '沧源佤族自治县', 0, 1),
(532301, 5323, '楚雄市', 0, 1),
(532322, 5323, '双柏县', 0, 1),
(532323, 5323, '牟定县', 0, 1),
(532324, 5323, '南华县', 0, 1),
(532325, 5323, '姚安县', 0, 1),
(532326, 5323, '大姚县', 0, 1),
(532327, 5323, '永仁县', 0, 1),
(532328, 5323, '元谋县', 0, 1),
(532329, 5323, '武定县', 0, 1),
(532331, 5323, '禄丰县', 0, 1),
(532501, 5325, '个旧市', 0, 1),
(532502, 5325, '开远市', 0, 1),
(532503, 5325, '蒙自市', 0, 1),
(532504, 5325, '弥勒市', 0, 1),
(532523, 5325, '屏边苗族自治县', 0, 1),
(532524, 5325, '建水县', 0, 1),
(532525, 5325, '石屏县', 0, 1),
(532527, 5325, '泸西县', 0, 1),
(532528, 5325, '元阳县', 0, 1),
(532529, 5325, '红河县', 0, 1),
(532530, 5325, '金平苗族瑶族傣族自治县', 0, 1),
(532531, 5325, '绿春县', 0, 1),
(532532, 5325, '河口瑶族自治县', 0, 1),
(532601, 5326, '文山市', 0, 1),
(532622, 5326, '砚山县', 0, 1),
(532623, 5326, '西畴县', 0, 1),
(532624, 5326, '麻栗坡县', 0, 1),
(532625, 5326, '马关县', 0, 1),
(532626, 5326, '丘北县', 0, 1),
(532627, 5326, '广南县', 0, 1),
(532628, 5326, '富宁县', 0, 1),
(532801, 5328, '景洪市', 0, 1),
(532822, 5328, '勐海县', 0, 1),
(532823, 5328, '勐腊县', 0, 1),
(532901, 5329, '大理市', 0, 1),
(532922, 5329, '漾濞彝族自治县', 0, 1),
(532923, 5329, '祥云县', 0, 1),
(532924, 5329, '宾川县', 0, 1),
(532925, 5329, '弥渡县', 0, 1),
(532926, 5329, '南涧彝族自治县', 0, 1),
(532927, 5329, '巍山彝族回族自治县', 0, 1),
(532928, 5329, '永平县', 0, 1),
(532929, 5329, '云龙县', 0, 1),
(532930, 5329, '洱源县', 0, 1),
(532931, 5329, '剑川县', 0, 1),
(532932, 5329, '鹤庆县', 0, 1),
(533102, 5331, '瑞丽市', 0, 1),
(533103, 5331, '芒市', 0, 1),
(533122, 5331, '梁河县', 0, 1),
(533123, 5331, '盈江县', 0, 1),
(533124, 5331, '陇川县', 0, 1),
(533321, 5333, '泸水县', 0, 1),
(533323, 5333, '福贡县', 0, 1),
(533324, 5333, '贡山独龙族怒族自治县', 0, 1),
(533325, 5333, '兰坪白族普米族自治县', 0, 1),
(533421, 5334, '香格里拉市', 0, 1),
(533422, 5334, '德钦县', 0, 1),
(533423, 5334, '维西傈僳族自治县', 0, 1),
(540102, 5401, '城关区', 0, 1),
(540121, 5401, '林周县', 0, 1),
(540122, 5401, '当雄县', 0, 1),
(540123, 5401, '尼木县', 0, 1),
(540124, 5401, '曲水县', 0, 1),
(540125, 5401, '堆龙德庆县', 0, 1),
(540126, 5401, '达孜县', 0, 1),
(540127, 5401, '墨竹工卡县', 0, 1),
(540202, 5402, '桑珠孜区', 0, 1),
(540221, 5402, '南木林县', 0, 1),
(540222, 5402, '江孜县', 0, 1),
(540223, 5402, '定日县', 0, 1),
(540224, 5402, '萨迦县', 0, 1),
(540225, 5402, '拉孜县', 0, 1),
(540226, 5402, '昂仁县', 0, 1),
(540227, 5402, '谢通门县', 0, 1),
(540228, 5402, '白朗县', 0, 1),
(540229, 5402, '仁布县', 0, 1),
(540230, 5402, '康马县', 0, 1),
(540231, 5402, '定结县', 0, 1),
(540232, 5402, '仲巴县', 0, 1),
(540233, 5402, '亚东县', 0, 1),
(540234, 5402, '吉隆县', 0, 1),
(540235, 5402, '聂拉木县', 0, 1),
(540236, 5402, '萨嘎县', 0, 1),
(540237, 5402, '岗巴县', 0, 1),
(540302, 5403, '卡若区', 0, 1),
(540321, 5403, '江达县', 0, 1),
(540322, 5403, '贡觉县', 0, 1),
(540323, 5403, '类乌齐县', 0, 1),
(540324, 5403, '丁青县', 0, 1),
(540325, 5403, '察雅县', 0, 1),
(540326, 5403, '八宿县', 0, 1),
(540327, 5403, '左贡县', 0, 1),
(540328, 5403, '芒康县', 0, 1),
(540329, 5403, '洛隆县', 0, 1),
(540330, 5403, '边坝县', 0, 1),
(542221, 5422, '乃东县', 0, 1),
(542222, 5422, '扎囊县', 0, 1),
(542223, 5422, '贡嘎县', 0, 1),
(542224, 5422, '桑日县', 0, 1),
(542225, 5422, '琼结县', 0, 1),
(542226, 5422, '曲松县', 0, 1),
(542227, 5422, '措美县', 0, 1),
(542228, 5422, '洛扎县', 0, 1),
(542229, 5422, '加查县', 0, 1),
(542231, 5422, '隆子县', 0, 1),
(542232, 5422, '错那县', 0, 1),
(542233, 5422, '浪卡子县', 0, 1),
(542421, 5424, '那曲县', 0, 1),
(542422, 5424, '嘉黎县', 0, 1),
(542423, 5424, '比如县', 0, 1),
(542424, 5424, '聂荣县', 0, 1),
(542425, 5424, '安多县', 0, 1),
(542426, 5424, '申扎县', 0, 1),
(542427, 5424, '索县', 0, 1),
(542428, 5424, '班戈县', 0, 1),
(542429, 5424, '巴青县', 0, 1),
(542430, 5424, '尼玛县', 0, 1),
(542431, 5424, '双湖县', 0, 1),
(542521, 5425, '普兰县', 0, 1),
(542522, 5425, '札达县', 0, 1),
(542523, 5425, '噶尔县', 0, 1),
(542524, 5425, '日土县', 0, 1),
(542525, 5425, '革吉县', 0, 1),
(542526, 5425, '改则县', 0, 1),
(542527, 5425, '措勤县', 0, 1),
(542621, 5426, '林芝县', 0, 1),
(542622, 5426, '工布江达县', 0, 1),
(542623, 5426, '米林县', 0, 1),
(542624, 5426, '墨脱县', 0, 1),
(542625, 5426, '波密县', 0, 1),
(542626, 5426, '察隅县', 0, 1),
(542627, 5426, '朗县', 0, 1),
(610102, 6101, '新城区', 0, 1),
(610103, 6101, '碑林区', 0, 1),
(610104, 6101, '莲湖区', 0, 1),
(610111, 6101, '灞桥区', 0, 1),
(610112, 6101, '未央区', 0, 1),
(610113, 6101, '雁塔区', 0, 1),
(610114, 6101, '阎良区', 0, 1),
(610115, 6101, '临潼区', 0, 1),
(610116, 6101, '长安区', 0, 1),
(610122, 6101, '蓝田县', 0, 1),
(610124, 6101, '周至县', 0, 1),
(610125, 6101, '户县', 0, 1),
(610126, 6101, '高陵区', 0, 1),
(610202, 6102, '王益区', 0, 1),
(610203, 6102, '印台区', 0, 1),
(610204, 6102, '耀州区', 0, 1),
(610222, 6102, '宜君县', 0, 1),
(610302, 6103, '渭滨区', 0, 1),
(610303, 6103, '金台区', 0, 1),
(610304, 6103, '陈仓区', 0, 1),
(610322, 6103, '凤翔县', 0, 1),
(610323, 6103, '岐山县', 0, 1),
(610324, 6103, '扶风县', 0, 1),
(610326, 6103, '眉县', 0, 1),
(610327, 6103, '陇县', 0, 1),
(610328, 6103, '千阳县', 0, 1),
(610329, 6103, '麟游县', 0, 1),
(610330, 6103, '凤县', 0, 1),
(610331, 6103, '太白县', 0, 1),
(610402, 6104, '秦都区', 0, 1),
(610403, 6104, '杨陵区', 0, 1),
(610404, 6104, '渭城区', 0, 1),
(610422, 6104, '三原县', 0, 1),
(610423, 6104, '泾阳县', 0, 1),
(610424, 6104, '乾县', 0, 1),
(610425, 6104, '礼泉县', 0, 1),
(610426, 6104, '永寿县', 0, 1),
(610427, 6104, '彬县', 0, 1),
(610428, 6104, '长武县', 0, 1),
(610429, 6104, '旬邑县', 0, 1),
(610430, 6104, '淳化县', 0, 1),
(610431, 6104, '武功县', 0, 1),
(610481, 6104, '兴平市', 0, 1),
(610502, 6105, '临渭区', 0, 1),
(610521, 6105, '华县', 0, 1),
(610522, 6105, '潼关县', 0, 1),
(610523, 6105, '大荔县', 0, 1),
(610524, 6105, '合阳县', 0, 1),
(610525, 6105, '澄城县', 0, 1),
(610526, 6105, '蒲城县', 0, 1),
(610527, 6105, '白水县', 0, 1),
(610528, 6105, '富平县', 0, 1),
(610581, 6105, '韩城市', 0, 1),
(610582, 6105, '华阴市', 0, 1),
(610602, 6106, '宝塔区', 0, 1),
(610621, 6106, '延长县', 0, 1),
(610622, 6106, '延川县', 0, 1),
(610623, 6106, '子长县', 0, 1),
(610624, 6106, '安塞县', 0, 1),
(610625, 6106, '志丹县', 0, 1),
(610626, 6106, '吴起县', 0, 1),
(610627, 6106, '甘泉县', 0, 1),
(610628, 6106, '富县', 0, 1),
(610629, 6106, '洛川县', 0, 1),
(610630, 6106, '宜川县', 0, 1),
(610631, 6106, '黄龙县', 0, 1),
(610632, 6106, '黄陵县', 0, 1),
(610702, 6107, '汉台区', 0, 1),
(610721, 6107, '南郑县', 0, 1),
(610722, 6107, '城固县', 0, 1),
(610723, 6107, '洋县', 0, 1),
(610724, 6107, '西乡县', 0, 1),
(610725, 6107, '勉县', 0, 1),
(610726, 6107, '宁强县', 0, 1),
(610727, 6107, '略阳县', 0, 1),
(610728, 6107, '镇巴县', 0, 1),
(610729, 6107, '留坝县', 0, 1),
(610730, 6107, '佛坪县', 0, 1),
(610802, 6108, '榆阳区', 0, 1),
(610821, 6108, '神木县', 0, 1),
(610822, 6108, '府谷县', 0, 1),
(610823, 6108, '横山县', 0, 1),
(610824, 6108, '靖边县', 0, 1),
(610825, 6108, '定边县', 0, 1),
(610826, 6108, '绥德县', 0, 1),
(610827, 6108, '米脂县', 0, 1),
(610828, 6108, '佳县', 0, 1),
(610829, 6108, '吴堡县', 0, 1),
(610830, 6108, '清涧县', 0, 1),
(610831, 6108, '子洲县', 0, 1),
(610902, 6109, '汉滨区', 0, 1),
(610921, 6109, '汉阴县', 0, 1),
(610922, 6109, '石泉县', 0, 1),
(610923, 6109, '宁陕县', 0, 1),
(610924, 6109, '紫阳县', 0, 1),
(610925, 6109, '岚皋县', 0, 1),
(610926, 6109, '平利县', 0, 1),
(610927, 6109, '镇坪县', 0, 1),
(610928, 6109, '旬阳县', 0, 1),
(610929, 6109, '白河县', 0, 1),
(611002, 6110, '商州区', 0, 1),
(611021, 6110, '洛南县', 0, 1),
(611022, 6110, '丹凤县', 0, 1),
(611023, 6110, '商南县', 0, 1),
(611024, 6110, '山阳县', 0, 1),
(611025, 6110, '镇安县', 0, 1),
(611026, 6110, '柞水县', 0, 1),
(611101, 6111, '空港新城', 0, 1),
(611102, 6111, '沣东新城', 0, 1),
(611103, 6111, '秦汉新城', 0, 1),
(611104, 6111, '沣西新城', 0, 1),
(611105, 6111, '泾河新城', 0, 1),
(620102, 6201, '城关区', 0, 1),
(620103, 6201, '七里河区', 0, 1),
(620104, 6201, '西固区', 0, 1),
(620105, 6201, '安宁区', 0, 1),
(620111, 6201, '红古区', 0, 1),
(620121, 6201, '永登县', 0, 1),
(620122, 6201, '皋兰县', 0, 1),
(620123, 6201, '榆中县', 0, 1),
(620201, 6202, '雄关区', 0, 1),
(620202, 6202, '长城区', 0, 1),
(620203, 6202, '镜铁区', 0, 1),
(620302, 6203, '金川区', 0, 1),
(620321, 6203, '永昌县', 0, 1),
(620402, 6204, '白银区', 0, 1),
(620403, 6204, '平川区', 0, 1),
(620421, 6204, '靖远县', 0, 1),
(620422, 6204, '会宁县', 0, 1),
(620423, 6204, '景泰县', 0, 1),
(620502, 6205, '秦州区', 0, 1),
(620503, 6205, '麦积区', 0, 1),
(620521, 6205, '清水县', 0, 1),
(620522, 6205, '秦安县', 0, 1),
(620523, 6205, '甘谷县', 0, 1),
(620524, 6205, '武山县', 0, 1),
(620525, 6205, '张家川回族自治县', 0, 1),
(620602, 6206, '凉州区', 0, 1),
(620621, 6206, '民勤县', 0, 1),
(620622, 6206, '古浪县', 0, 1),
(620623, 6206, '天祝藏族自治县', 0, 1),
(620702, 6207, '甘州区', 0, 1),
(620721, 6207, '肃南裕固族自治县', 0, 1),
(620722, 6207, '民乐县', 0, 1),
(620723, 6207, '临泽县', 0, 1),
(620724, 6207, '高台县', 0, 1),
(620725, 6207, '山丹县', 0, 1),
(620802, 6208, '崆峒区', 0, 1),
(620821, 6208, '泾川县', 0, 1),
(620822, 6208, '灵台县', 0, 1),
(620823, 6208, '崇信县', 0, 1),
(620824, 6208, '华亭县', 0, 1),
(620825, 6208, '庄浪县', 0, 1),
(620826, 6208, '静宁县', 0, 1),
(620902, 6209, '肃州区', 0, 1),
(620921, 6209, '金塔县', 0, 1),
(620922, 6209, '瓜州县', 0, 1),
(620923, 6209, '肃北蒙古族自治县', 0, 1),
(620924, 6209, '阿克塞哈萨克族自治县', 0, 1),
(620981, 6209, '玉门市', 0, 1),
(620982, 6209, '敦煌市', 0, 1),
(621002, 6210, '西峰区', 0, 1),
(621021, 6210, '庆城县', 0, 1),
(621022, 6210, '环县', 0, 1),
(621023, 6210, '华池县', 0, 1),
(621024, 6210, '合水县', 0, 1),
(621025, 6210, '正宁县', 0, 1),
(621026, 6210, '宁县', 0, 1),
(621027, 6210, '镇原县', 0, 1),
(621102, 6211, '安定区', 0, 1),
(621121, 6211, '通渭县', 0, 1),
(621122, 6211, '陇西县', 0, 1),
(621123, 6211, '渭源县', 0, 1),
(621124, 6211, '临洮县', 0, 1),
(621125, 6211, '漳县', 0, 1),
(621126, 6211, '岷县', 0, 1),
(621202, 6212, '武都区', 0, 1),
(621221, 6212, '成县', 0, 1),
(621222, 6212, '文县', 0, 1),
(621223, 6212, '宕昌县', 0, 1),
(621224, 6212, '康县', 0, 1),
(621225, 6212, '西和县', 0, 1),
(621226, 6212, '礼县', 0, 1),
(621227, 6212, '徽县', 0, 1),
(621228, 6212, '两当县', 0, 1),
(622901, 6229, '临夏市', 0, 1),
(622921, 6229, '临夏县', 0, 1),
(622922, 6229, '康乐县', 0, 1),
(622923, 6229, '永靖县', 0, 1),
(622924, 6229, '广河县', 0, 1),
(622925, 6229, '和政县', 0, 1),
(622926, 6229, '东乡族自治县', 0, 1),
(622927, 6229, '积石山保安族东乡族撒拉族自治县', 0, 1),
(623001, 6230, '合作市', 0, 1),
(623021, 6230, '临潭县', 0, 1),
(623022, 6230, '卓尼县', 0, 1),
(623023, 6230, '舟曲县', 0, 1),
(623024, 6230, '迭部县', 0, 1),
(623025, 6230, '玛曲县', 0, 1),
(623026, 6230, '碌曲县', 0, 1),
(623027, 6230, '夏河县', 0, 1),
(630102, 6301, '城东区', 0, 1),
(630103, 6301, '城中区', 0, 1),
(630104, 6301, '城西区', 0, 1),
(630105, 6301, '城北区', 0, 1),
(630121, 6301, '大通回族土族自治县', 0, 1),
(630122, 6301, '湟中县', 0, 1),
(630123, 6301, '湟源县', 0, 1),
(630202, 6302, '乐都区', 0, 1),
(630221, 6302, '平安县', 0, 1),
(630222, 6302, '民和回族土族自治县', 0, 1),
(630223, 6302, '互助土族自治县', 0, 1),
(630224, 6302, '化隆回族自治县', 0, 1),
(630225, 6302, '循化撒拉族自治县', 0, 1),
(632221, 6322, '门源回族自治县', 0, 1),
(632222, 6322, '祁连县', 0, 1),
(632223, 6322, '海晏县', 0, 1),
(632224, 6322, '刚察县', 0, 1),
(632321, 6323, '同仁县', 0, 1),
(632322, 6323, '尖扎县', 0, 1),
(632323, 6323, '泽库县', 0, 1),
(632324, 6323, '河南蒙古族自治县', 0, 1),
(632521, 6325, '共和县', 0, 1),
(632522, 6325, '同德县', 0, 1),
(632523, 6325, '贵德县', 0, 1),
(632524, 6325, '兴海县', 0, 1),
(632525, 6325, '贵南县', 0, 1),
(632621, 6326, '玛沁县', 0, 1),
(632622, 6326, '班玛县', 0, 1),
(632623, 6326, '甘德县', 0, 1),
(632624, 6326, '达日县', 0, 1),
(632625, 6326, '久治县', 0, 1),
(632626, 6326, '玛多县', 0, 1),
(632701, 6327, '玉树市', 0, 1),
(632722, 6327, '杂多县', 0, 1),
(632723, 6327, '称多县', 0, 1),
(632724, 6327, '治多县', 0, 1),
(632725, 6327, '囊谦县', 0, 1),
(632726, 6327, '曲麻莱县', 0, 1),
(632801, 6328, '格尔木市', 0, 1),
(632802, 6328, '德令哈市', 0, 1),
(632821, 6328, '乌兰县', 0, 1),
(632822, 6328, '都兰县', 0, 1),
(632823, 6328, '天峻县', 0, 1),
(640104, 6401, '兴庆区', 0, 1),
(640105, 6401, '西夏区', 0, 1),
(640106, 6401, '金凤区', 0, 1),
(640121, 6401, '永宁县', 0, 1),
(640122, 6401, '贺兰县', 0, 1),
(640181, 6401, '灵武市', 0, 1),
(640202, 6402, '大武口区', 0, 1),
(640205, 6402, '惠农区', 0, 1),
(640221, 6402, '平罗县', 0, 1),
(640302, 6403, '利通区', 0, 1),
(640303, 6403, '红寺堡区', 0, 1),
(640323, 6403, '盐池县', 0, 1),
(640324, 6403, '同心县', 0, 1),
(640381, 6403, '青铜峡市', 0, 1),
(640402, 6404, '原州区', 0, 1),
(640422, 6404, '西吉县', 0, 1),
(640423, 6404, '隆德县', 0, 1),
(640424, 6404, '泾源县', 0, 1),
(640425, 6404, '彭阳县', 0, 1),
(640502, 6405, '沙坡头区', 0, 1),
(640521, 6405, '中宁县', 0, 1),
(640522, 6405, '海原县', 0, 1),
(650102, 6501, '天山区', 0, 1),
(650103, 6501, '沙依巴克区', 0, 1),
(650104, 6501, '新市区', 0, 1),
(650105, 6501, '水磨沟区', 0, 1),
(650106, 6501, '头屯河区', 0, 1),
(650107, 6501, '达坂城区', 0, 1),
(650109, 6501, '米东区', 0, 1),
(650121, 6501, '乌鲁木齐县', 0, 1),
(650202, 6502, '独山子区', 0, 1),
(650203, 6502, '克拉玛依区', 0, 1),
(650204, 6502, '白碱滩区', 0, 1),
(650205, 6502, '乌尔禾区', 0, 1),
(652101, 6521, '吐鲁番市', 0, 1),
(652122, 6521, '鄯善县', 0, 1),
(652123, 6521, '托克逊县', 0, 1),
(652201, 6522, '哈密市', 0, 1),
(652222, 6522, '巴里坤哈萨克自治县', 0, 1),
(652223, 6522, '伊吾县', 0, 1),
(652301, 6523, '昌吉市', 0, 1),
(652302, 6523, '阜康市', 0, 1),
(652323, 6523, '呼图壁县', 0, 1),
(652324, 6523, '玛纳斯县', 0, 1),
(652325, 6523, '奇台县', 0, 1),
(652327, 6523, '吉木萨尔县', 0, 1),
(652328, 6523, '木垒哈萨克自治县', 0, 1),
(652701, 6527, '博乐市', 0, 1),
(652702, 6527, '阿拉山口市', 0, 1),
(652722, 6527, '精河县', 0, 1),
(652723, 6527, '温泉县', 0, 1),
(652801, 6528, '库尔勒市', 0, 1),
(652822, 6528, '轮台县', 0, 1),
(652823, 6528, '尉犁县', 0, 1),
(652824, 6528, '若羌县', 0, 1),
(652825, 6528, '且末县', 0, 1),
(652826, 6528, '焉耆回族自治县', 0, 1),
(652827, 6528, '和静县', 0, 1),
(652828, 6528, '和硕县', 0, 1),
(652829, 6528, '博湖县', 0, 1),
(652901, 6529, '阿克苏市', 0, 1),
(652922, 6529, '温宿县', 0, 1),
(652923, 6529, '库车县', 0, 1),
(652924, 6529, '沙雅县', 0, 1),
(652925, 6529, '新和县', 0, 1),
(652926, 6529, '拜城县', 0, 1),
(652927, 6529, '乌什县', 0, 1),
(652928, 6529, '阿瓦提县', 0, 1),
(652929, 6529, '柯坪县', 0, 1),
(653001, 6530, '阿图什市', 0, 1),
(653022, 6530, '阿克陶县', 0, 1),
(653023, 6530, '阿合奇县', 0, 1),
(653024, 6530, '乌恰县', 0, 1),
(653101, 6531, '喀什市', 0, 1),
(653121, 6531, '疏附县', 0, 1),
(653122, 6531, '疏勒县', 0, 1),
(653123, 6531, '英吉沙县', 0, 1),
(653124, 6531, '泽普县', 0, 1),
(653125, 6531, '莎车县', 0, 1),
(653126, 6531, '叶城县', 0, 1),
(653127, 6531, '麦盖提县', 0, 1),
(653128, 6531, '岳普湖县', 0, 1),
(653129, 6531, '伽师县', 0, 1),
(653130, 6531, '巴楚县', 0, 1),
(653131, 6531, '塔什库尔干塔吉克自治县', 0, 1),
(653201, 6532, '和田市', 0, 1),
(653221, 6532, '和田县', 0, 1),
(653222, 6532, '墨玉县', 0, 1),
(653223, 6532, '皮山县', 0, 1),
(653224, 6532, '洛浦县', 0, 1),
(653225, 6532, '策勒县', 0, 1),
(653226, 6532, '于田县', 0, 1),
(653227, 6532, '民丰县', 0, 1),
(654002, 6540, '伊宁市', 0, 1),
(654003, 6540, '奎屯市', 0, 1),
(654004, 6540, '霍尔果斯市', 0, 1),
(654021, 6540, '伊宁县', 0, 1),
(654022, 6540, '察布查尔锡伯自治县', 0, 1),
(654023, 6540, '霍城县', 0, 1),
(654024, 6540, '巩留县', 0, 1),
(654025, 6540, '新源县', 0, 1),
(654026, 6540, '昭苏县', 0, 1),
(654027, 6540, '特克斯县', 0, 1),
(654028, 6540, '尼勒克县', 0, 1),
(654201, 6542, '塔城市', 0, 1),
(654202, 6542, '乌苏市', 0, 1),
(654221, 6542, '额敏县', 0, 1),
(654223, 6542, '沙湾县', 0, 1),
(654224, 6542, '托里县', 0, 1),
(654225, 6542, '裕民县', 0, 1),
(654226, 6542, '和布克赛尔蒙古自治县', 0, 1),
(654301, 6543, '阿勒泰市', 0, 1),
(654321, 6543, '布尔津县', 0, 1),
(654322, 6543, '富蕴县', 0, 1),
(654323, 6543, '福海县', 0, 1),
(654324, 6543, '哈巴河县', 0, 1),
(654325, 6543, '青河县', 0, 1),
(654326, 6543, '吉木乃县', 0, 1),
(659001, 6590, '石河子市', 0, 1),
(659002, 6590, '阿拉尔市', 0, 1),
(659003, 6590, '图木舒克市', 0, 1),
(659004, 6590, '五家渠市', 0, 1),
(659005, 6590, '北屯市', 0, 1),
(659006, 6590, '铁门关市', 0, 1),
(659007, 6590, '双河市', 0, 1),
(710101, 7101, '松山区', 0, 1),
(710102, 7101, '信义区', 0, 1),
(710103, 7101, '大安区', 0, 1),
(710104, 7101, '中山区', 0, 1),
(710105, 7101, '中正区', 0, 1),
(710106, 7101, '大同区', 0, 1),
(710107, 7101, '万华区', 0, 1),
(710108, 7101, '文山区', 0, 1),
(710109, 7101, '南港区', 0, 1),
(710110, 7101, '内湖区', 0, 1),
(710111, 7101, '士林区', 0, 1),
(710112, 7101, '北投区', 0, 1),
(710201, 7102, '盐埕区', 0, 1),
(710202, 7102, '鼓山区', 0, 1),
(710203, 7102, '左营区', 0, 1),
(710204, 7102, '楠梓区', 0, 1),
(710205, 7102, '三民区', 0, 1),
(710206, 7102, '新兴区', 0, 1),
(710207, 7102, '前金区', 0, 1),
(710208, 7102, '苓雅区', 0, 1),
(710209, 7102, '前镇区', 0, 1),
(710210, 7102, '旗津区', 0, 1),
(710211, 7102, '小港区', 0, 1),
(710212, 7102, '凤山区', 0, 1),
(710213, 7102, '林园区', 0, 1),
(710214, 7102, '大寮区', 0, 1),
(710215, 7102, '大树区', 0, 1),
(710216, 7102, '大社区', 0, 1),
(710217, 7102, '仁武区', 0, 1),
(710218, 7102, '鸟松区', 0, 1),
(710219, 7102, '冈山区', 0, 1),
(710220, 7102, '桥头区', 0, 1),
(710221, 7102, '燕巢区', 0, 1),
(710222, 7102, '田寮区', 0, 1),
(710223, 7102, '阿莲区', 0, 1),
(710224, 7102, '路竹区', 0, 1),
(710225, 7102, '湖内区', 0, 1),
(710226, 7102, '茄萣区', 0, 1),
(710227, 7102, '永安区', 0, 1),
(710228, 7102, '弥陀区', 0, 1),
(710229, 7102, '梓官区', 0, 1),
(710230, 7102, '旗山区', 0, 1),
(710231, 7102, '美浓区', 0, 1),
(710232, 7102, '六龟区', 0, 1),
(710233, 7102, '甲仙区', 0, 1),
(710234, 7102, '杉林区', 0, 1),
(710235, 7102, '内门区', 0, 1),
(710236, 7102, '茂林区', 0, 1),
(710237, 7102, '桃源区', 0, 1),
(710238, 7102, '那玛夏区', 0, 1),
(710301, 7103, '中正区', 0, 1),
(710302, 7103, '七堵区', 0, 1),
(710303, 7103, '暖暖区', 0, 1),
(710304, 7103, '仁爱区', 0, 1),
(710305, 7103, '中山区', 0, 1),
(710306, 7103, '安乐区', 0, 1),
(710307, 7103, '信义区', 0, 1),
(710401, 7104, '中区', 0, 1),
(710402, 7104, '东区', 0, 1),
(710403, 7104, '南区', 0, 1),
(710404, 7104, '西区', 0, 1),
(710405, 7104, '北区', 0, 1),
(710406, 7104, '西屯区', 0, 1),
(710407, 7104, '南屯区', 0, 1),
(710408, 7104, '北屯区', 0, 1),
(710409, 7104, '丰原区', 0, 1),
(710410, 7104, '东势区', 0, 1),
(710411, 7104, '大甲区', 0, 1),
(710412, 7104, '清水区', 0, 1),
(710413, 7104, '沙鹿区', 0, 1),
(710414, 7104, '梧栖区', 0, 1),
(710415, 7104, '后里区', 0, 1),
(710416, 7104, '神冈区', 0, 1),
(710417, 7104, '潭子区', 0, 1),
(710418, 7104, '大雅区', 0, 1),
(710419, 7104, '新社区', 0, 1),
(710420, 7104, '石冈区', 0, 1),
(710421, 7104, '外埔区', 0, 1),
(710422, 7104, '大安区', 0, 1),
(710423, 7104, '乌日区', 0, 1),
(710424, 7104, '大肚区', 0, 1),
(710425, 7104, '龙井区', 0, 1),
(710426, 7104, '雾峰区', 0, 1),
(710427, 7104, '太平区', 0, 1),
(710428, 7104, '大里区', 0, 1),
(710429, 7104, '和平区', 0, 1),
(710501, 7105, '东区', 0, 1),
(710502, 7105, '南区', 0, 1),
(710504, 7105, '北区', 0, 1),
(710506, 7105, '安南区', 0, 1),
(710507, 7105, '安平区', 0, 1),
(710508, 7105, '中西区', 0, 1),
(710509, 7105, '新营区', 0, 1),
(710510, 7105, '盐水区', 0, 1),
(710511, 7105, '白河区', 0, 1),
(710512, 7105, '柳营区', 0, 1),
(710513, 7105, '后壁区', 0, 1),
(710514, 7105, '东山区', 0, 1),
(710515, 7105, '麻豆区', 0, 1),
(710516, 7105, '下营区', 0, 1),
(710517, 7105, '六甲区', 0, 1),
(710518, 7105, '官田区', 0, 1),
(710519, 7105, '大内区', 0, 1),
(710520, 7105, '佳里区', 0, 1),
(710521, 7105, '学甲区', 0, 1),
(710522, 7105, '西港区', 0, 1),
(710523, 7105, '七股区', 0, 1),
(710524, 7105, '将军区', 0, 1),
(710525, 7105, '北门区', 0, 1),
(710526, 7105, '新化区', 0, 1),
(710527, 7105, '善化区', 0, 1),
(710528, 7105, '新市区', 0, 1),
(710529, 7105, '安定区', 0, 1),
(710530, 7105, '山上区', 0, 1),
(710531, 7105, '玉井区', 0, 1),
(710532, 7105, '楠西区', 0, 1),
(710533, 7105, '南化区', 0, 1),
(710534, 7105, '左镇区', 0, 1),
(710535, 7105, '仁德区', 0, 1),
(710536, 7105, '归仁区', 0, 1),
(710537, 7105, '关庙区', 0, 1),
(710538, 7105, '龙崎区', 0, 1),
(710539, 7105, '永康区', 0, 1),
(710601, 7106, '东区', 0, 1),
(710602, 7106, '北区', 0, 1),
(710603, 7106, '香山区', 0, 1),
(710701, 7107, '东区', 0, 1),
(710702, 7107, '西区', 0, 1),
(710801, 7108, '板桥区', 0, 1),
(710802, 7108, '三重区', 0, 1),
(710803, 7108, '中和区', 0, 1),
(710804, 7108, '永和区', 0, 1),
(710805, 7108, '新庄区', 0, 1),
(710806, 7108, '新店区', 0, 1),
(710807, 7108, '树林区', 0, 1),
(710808, 7108, '莺歌区', 0, 1),
(710809, 7108, '三峡区', 0, 1),
(710810, 7108, '淡水区', 0, 1),
(710811, 7108, '汐止区', 0, 1),
(710812, 7108, '瑞芳区', 0, 1),
(710813, 7108, '土城区', 0, 1),
(710814, 7108, '芦洲区', 0, 1),
(710815, 7108, '五股区', 0, 1),
(710816, 7108, '泰山区', 0, 1),
(710817, 7108, '林口区', 0, 1),
(710818, 7108, '深坑区', 0, 1),
(710819, 7108, '石碇区', 0, 1),
(710820, 7108, '坪林区', 0, 1),
(710821, 7108, '三芝区', 0, 1),
(710822, 7108, '石门区', 0, 1),
(710823, 7108, '八里区', 0, 1),
(710824, 7108, '平溪区', 0, 1),
(710825, 7108, '双溪区', 0, 1),
(710826, 7108, '贡寮区', 0, 1),
(710827, 7108, '金山区', 0, 1),
(710828, 7108, '万里区', 0, 1),
(710829, 7108, '乌来区', 0, 1),
(712201, 7122, '宜兰市', 0, 1),
(712221, 7122, '罗东镇', 0, 1),
(712222, 7122, '苏澳镇', 0, 1),
(712223, 7122, '头城镇', 0, 1),
(712224, 7122, '礁溪乡', 0, 1),
(712225, 7122, '壮围乡', 0, 1),
(712226, 7122, '员山乡', 0, 1),
(712227, 7122, '冬山乡', 0, 1),
(712228, 7122, '五结乡', 0, 1),
(712229, 7122, '三星乡', 0, 1),
(712230, 7122, '大同乡', 0, 1),
(712231, 7122, '南澳乡', 0, 1),
(712301, 7123, '桃园市', 0, 1),
(712302, 7123, '中坜市', 0, 1),
(712303, 7123, '平镇市', 0, 1),
(712304, 7123, '八德市', 0, 1),
(712305, 7123, '杨梅市', 0, 1),
(712306, 7123, '芦竹市', 0, 1),
(712321, 7123, '大溪镇', 0, 1),
(712324, 7123, '大园乡', 0, 1),
(712325, 7123, '龟山乡', 0, 1),
(712327, 7123, '龙潭乡', 0, 1),
(712329, 7123, '新屋乡', 0, 1),
(712330, 7123, '观音乡', 0, 1),
(712331, 7123, '复兴乡', 0, 1),
(712401, 7124, '竹北市', 0, 1),
(712421, 7124, '竹东镇', 0, 1),
(712422, 7124, '新埔镇', 0, 1),
(712423, 7124, '关西镇', 0, 1),
(712424, 7124, '湖口乡', 0, 1),
(712425, 7124, '新丰乡', 0, 1),
(712426, 7124, '芎林乡', 0, 1),
(712427, 7124, '横山乡', 0, 1),
(712428, 7124, '北埔乡', 0, 1),
(712429, 7124, '宝山乡', 0, 1),
(712430, 7124, '峨眉乡', 0, 1),
(712431, 7124, '尖石乡', 0, 1),
(712432, 7124, '五峰乡', 0, 1),
(712501, 7125, '苗栗市', 0, 1),
(712521, 7125, '苑里镇', 0, 1),
(712522, 7125, '通霄镇', 0, 1),
(712523, 7125, '竹南镇', 0, 1),
(712524, 7125, '头份镇', 0, 1),
(712525, 7125, '后龙镇', 0, 1),
(712526, 7125, '卓兰镇', 0, 1),
(712527, 7125, '大湖乡', 0, 1),
(712528, 7125, '公馆乡', 0, 1),
(712529, 7125, '铜锣乡', 0, 1),
(712530, 7125, '南庄乡', 0, 1),
(712531, 7125, '头屋乡', 0, 1),
(712532, 7125, '三义乡', 0, 1),
(712533, 7125, '西湖乡', 0, 1),
(712534, 7125, '造桥乡', 0, 1),
(712535, 7125, '三湾乡', 0, 1),
(712536, 7125, '狮潭乡', 0, 1),
(712537, 7125, '泰安乡', 0, 1),
(712701, 7127, '彰化市', 0, 1),
(712721, 7127, '鹿港镇', 0, 1),
(712722, 7127, '和美镇', 0, 1),
(712723, 7127, '线西乡', 0, 1),
(712724, 7127, '伸港乡', 0, 1),
(712725, 7127, '福兴乡', 0, 1),
(712726, 7127, '秀水乡', 0, 1),
(712727, 7127, '花坛乡', 0, 1),
(712728, 7127, '芬园乡', 0, 1),
(712729, 7127, '员林镇', 0, 1),
(712730, 7127, '溪湖镇', 0, 1),
(712731, 7127, '田中镇', 0, 1),
(712732, 7127, '大村乡', 0, 1),
(712733, 7127, '埔盐乡', 0, 1),
(712734, 7127, '埔心乡', 0, 1),
(712735, 7127, '永靖乡', 0, 1),
(712736, 7127, '社头乡', 0, 1),
(712737, 7127, '二水乡', 0, 1),
(712738, 7127, '北斗镇', 0, 1),
(712739, 7127, '二林镇', 0, 1),
(712740, 7127, '田尾乡', 0, 1),
(712741, 7127, '埤头乡', 0, 1),
(712742, 7127, '芳苑乡', 0, 1),
(712743, 7127, '大城乡', 0, 1),
(712744, 7127, '竹塘乡', 0, 1),
(712745, 7127, '溪州乡', 0, 1),
(712801, 7128, '南投市', 0, 1),
(712821, 7128, '埔里镇', 0, 1),
(712822, 7128, '草屯镇', 0, 1),
(712823, 7128, '竹山镇', 0, 1),
(712824, 7128, '集集镇', 0, 1),
(712825, 7128, '名间乡', 0, 1),
(712826, 7128, '鹿谷乡', 0, 1),
(712827, 7128, '中寮乡', 0, 1),
(712828, 7128, '鱼池乡', 0, 1),
(712829, 7128, '国姓乡', 0, 1),
(712830, 7128, '水里乡', 0, 1),
(712831, 7128, '信义乡', 0, 1),
(712832, 7128, '仁爱乡', 0, 1),
(712901, 7129, '斗六市', 0, 1),
(712921, 7129, '斗南镇', 0, 1),
(712922, 7129, '虎尾镇', 0, 1),
(712923, 7129, '西螺镇', 0, 1),
(712924, 7129, '土库镇', 0, 1),
(712925, 7129, '北港镇', 0, 1),
(712926, 7129, '古坑乡', 0, 1),
(712927, 7129, '大埤乡', 0, 1),
(712928, 7129, '莿桐乡', 0, 1),
(712929, 7129, '林内乡', 0, 1),
(712930, 7129, '二仑乡', 0, 1),
(712931, 7129, '仑背乡', 0, 1),
(712932, 7129, '麦寮乡', 0, 1),
(712933, 7129, '东势乡', 0, 1),
(712934, 7129, '褒忠乡', 0, 1),
(712935, 7129, '台西乡', 0, 1),
(712936, 7129, '元长乡', 0, 1),
(712937, 7129, '四湖乡', 0, 1),
(712938, 7129, '口湖乡', 0, 1),
(712939, 7129, '水林乡', 0, 1),
(713001, 7130, '太保市', 0, 1),
(713002, 7130, '朴子市', 0, 1),
(713023, 7130, '布袋镇', 0, 1),
(713024, 7130, '大林镇', 0, 1),
(713025, 7130, '民雄乡', 0, 1),
(713026, 7130, '溪口乡', 0, 1),
(713027, 7130, '新港乡', 0, 1),
(713028, 7130, '六脚乡', 0, 1),
(713029, 7130, '东石乡', 0, 1),
(713030, 7130, '义竹乡', 0, 1),
(713031, 7130, '鹿草乡', 0, 1),
(713032, 7130, '水上乡', 0, 1),
(713033, 7130, '中埔乡', 0, 1),
(713034, 7130, '竹崎乡', 0, 1),
(713035, 7130, '梅山乡', 0, 1),
(713036, 7130, '番路乡', 0, 1),
(713037, 7130, '大埔乡', 0, 1),
(713038, 7130, '阿里山乡', 0, 1),
(713301, 7133, '屏东市', 0, 1),
(713321, 7133, '潮州镇', 0, 1),
(713322, 7133, '东港镇', 0, 1),
(713323, 7133, '恒春镇', 0, 1),
(713324, 7133, '万丹乡', 0, 1),
(713325, 7133, '长治乡', 0, 1),
(713326, 7133, '麟洛乡', 0, 1),
(713327, 7133, '九如乡', 0, 1),
(713328, 7133, '里港乡', 0, 1),
(713329, 7133, '盐埔乡', 0, 1),
(713330, 7133, '高树乡', 0, 1),
(713331, 7133, '万峦乡', 0, 1),
(713332, 7133, '内埔乡', 0, 1),
(713333, 7133, '竹田乡', 0, 1),
(713334, 7133, '新埤乡', 0, 1),
(713335, 7133, '枋寮乡', 0, 1),
(713336, 7133, '新园乡', 0, 1),
(713337, 7133, '崁顶乡', 0, 1),
(713338, 7133, '林边乡', 0, 1),
(713339, 7133, '南州乡', 0, 1),
(713340, 7133, '佳冬乡', 0, 1),
(713341, 7133, '琉球乡', 0, 1),
(713342, 7133, '车城乡', 0, 1),
(713343, 7133, '满州乡', 0, 1),
(713344, 7133, '枋山乡', 0, 1),
(713345, 7133, '三地门乡', 0, 1),
(713346, 7133, '雾台乡', 0, 1),
(713347, 7133, '玛家乡', 0, 1),
(713348, 7133, '泰武乡', 0, 1),
(713349, 7133, '来义乡', 0, 1),
(713350, 7133, '春日乡', 0, 1),
(713351, 7133, '狮子乡', 0, 1),
(713352, 7133, '牡丹乡', 0, 1),
(713401, 7134, '台东市', 0, 1),
(713421, 7134, '成功镇', 0, 1),
(713422, 7134, '关山镇', 0, 1),
(713423, 7134, '卑南乡', 0, 1),
(713424, 7134, '鹿野乡', 0, 1),
(713425, 7134, '池上乡', 0, 1),
(713426, 7134, '东河乡', 0, 1),
(713427, 7134, '长滨乡', 0, 1),
(713428, 7134, '太麻里乡', 0, 1),
(713429, 7134, '大武乡', 0, 1),
(713430, 7134, '绿岛乡', 0, 1),
(713431, 7134, '海端乡', 0, 1),
(713432, 7134, '延平乡', 0, 1),
(713433, 7134, '金峰乡', 0, 1),
(713434, 7134, '达仁乡', 0, 1),
(713435, 7134, '兰屿乡', 0, 1),
(713501, 7135, '花莲市', 0, 1),
(713521, 7135, '凤林镇', 0, 1),
(713522, 7135, '玉里镇', 0, 1),
(713523, 7135, '新城乡', 0, 1),
(713524, 7135, '吉安乡', 0, 1),
(713525, 7135, '寿丰乡', 0, 1),
(713526, 7135, '光复乡', 0, 1),
(713527, 7135, '丰滨乡', 0, 1),
(713528, 7135, '瑞穗乡', 0, 1),
(713529, 7135, '富里乡', 0, 1),
(713530, 7135, '秀林乡', 0, 1),
(713531, 7135, '万荣乡', 0, 1),
(713532, 7135, '卓溪乡', 0, 1),
(713601, 7136, '马公市', 0, 1),
(713621, 7136, '湖西乡', 0, 1),
(713622, 7136, '白沙乡', 0, 1),
(713623, 7136, '西屿乡', 0, 1),
(713624, 7136, '望安乡', 0, 1),
(713625, 7136, '七美乡', 0, 1),
(713701, 7137, '金城镇', 0, 1),
(713702, 7137, '金湖镇', 0, 1),
(713703, 7137, '金沙镇', 0, 1),
(713704, 7137, '金宁乡', 0, 1),
(713705, 7137, '烈屿乡', 0, 1),
(713706, 7137, '乌丘乡', 0, 1),
(713801, 7138, '南竿乡', 0, 1),
(713802, 7138, '北竿乡', 0, 1),
(713803, 7138, '莒光乡', 0, 1),
(713804, 7138, '东引乡', 0, 1),
(810101, 8101, '中西区', 0, 1),
(810102, 8101, '湾仔区', 0, 1),
(810103, 8101, '东区', 0, 1),
(810104, 8101, '南区', 0, 1),
(810201, 8102, '油尖旺区', 0, 1),
(810202, 8102, '深水埗区', 0, 1),
(810203, 8102, '九龙城区', 0, 1),
(810204, 8102, '黄大仙区', 0, 1),
(810205, 8102, '观塘区', 0, 1),
(810301, 8103, '荃湾区', 0, 1),
(810302, 8103, '屯门区', 0, 1),
(810303, 8103, '元朗区', 0, 1),
(810304, 8103, '北区', 0, 1),
(810305, 8103, '大埔区', 0, 1),
(810306, 8103, '西贡区', 0, 1),
(810307, 8103, '沙田区', 0, 1),
(810308, 8103, '葵青区', 0, 1),
(810309, 8103, '离岛区', 0, 1),
(820101, 8201, '花地玛堂区', 0, 1),
(820102, 8201, '圣安多尼堂区', 0, 1),
(820103, 8201, '大堂区', 0, 1),
(820104, 8201, '望德堂区', 0, 1),
(820105, 8201, '风顺堂区', 0, 1),
(820201, 8202, '嘉模堂区', 0, 1),
(820301, 8203, '圣方济各堂区', 0, 1);

-- --------------------------------------------------------

--
-- 表的结构 `db_roles`
--

CREATE TABLE IF NOT EXISTS `db_roles` (
  `role_id` int(11) unsigned NOT NULL,
  `role` varchar(255) NOT NULL,
  `parent_id` int(11) NOT NULL DEFAULT '0',
  `is_active` tinyint(1) NOT NULL DEFAULT '1',
  `is_in_list` tinyint(1) NOT NULL DEFAULT '1'
) ENGINE=InnoDB AUTO_INCREMENT=3 DEFAULT CHARSET=utf8 COMMENT='role table';

--
-- 转存表中的数据 `db_roles`
--

INSERT INTO `db_roles` (`role_id`, `role`, `parent_id`, `is_active`, `is_in_list`) VALUES
(1, '超级管理员', 0, 1, 1),
(2, '夺宝用户', 1, 1, 1);

-- --------------------------------------------------------

--
-- 表的结构 `db_role_permission_link`
--

CREATE TABLE IF NOT EXISTS `db_role_permission_link` (
  `role_id` int(11) unsigned NOT NULL,
  `permission_id` int(11) unsigned NOT NULL
) ENGINE=InnoDB DEFAULT CHARSET=utf8 COMMENT='user role link table';

--
-- 转存表中的数据 `db_role_permission_link`
--

INSERT INTO `db_role_permission_link` (`role_id`, `permission_id`) VALUES
(1, 1),
(1, 2),
(1, 3),
(1, 4),
(1, 5);

-- --------------------------------------------------------

--
-- 表的结构 `db_states`
--

CREATE TABLE IF NOT EXISTS `db_states` (
  `state_id` int(11) unsigned NOT NULL,
  `country_id` int(11) unsigned NOT NULL,
  `state` varchar(255) NOT NULL,
  `position` smallint(5) unsigned NOT NULL DEFAULT '0',
  `is_active` tinyint(1) NOT NULL DEFAULT '1'
) ENGINE=InnoDB AUTO_INCREMENT=91 DEFAULT CHARSET=utf8;

--
-- 转存表中的数据 `db_states`
--

INSERT INTO `db_states` (`state_id`, `country_id`, `state`, `position`, `is_active`) VALUES
(11, 1, '北京', 0, 1),
(12, 1, '天津', 0, 1),
(13, 1, '河北省', 0, 1),
(14, 1, '山西省', 0, 1),
(15, 1, '内蒙古自治区', 0, 1),
(21, 1, '辽宁省', 0, 1),
(22, 1, '吉林省', 0, 1),
(23, 1, '黑龙江省', 0, 1),
(31, 1, '上海', 0, 1),
(32, 1, '江苏省', 0, 1),
(33, 1, '浙江省', 0, 1),
(34, 1, '安徽省', 0, 1),
(35, 1, '福建省', 0, 1),
(36, 1, '江西省', 0, 1),
(37, 1, '山东省', 0, 1),
(41, 1, '河南省', 0, 1),
(42, 1, '湖北省', 0, 1),
(43, 1, '湖南省', 0, 1),
(44, 1, '广东省', 0, 1),
(45, 1, '广西壮族自治区', 0, 1),
(46, 1, '海南省', 0, 1),
(50, 1, '重庆', 0, 1),
(51, 1, '四川省', 0, 1),
(52, 1, '贵州省', 0, 1),
(53, 1, '云南省', 0, 1),
(54, 1, '西藏自治区', 0, 1),
(61, 1, '陕西省', 0, 1),
(62, 1, '甘肃省', 0, 1),
(63, 1, '青海省', 0, 1),
(64, 1, '宁夏回族自治区', 0, 1),
(65, 1, '新疆维吾尔自治区', 0, 1),
(71, 1, '台湾', 0, 1),
(81, 1, '香港特别行政区', 0, 1),
(82, 1, '澳门特别行政区', 0, 1),
(90, 1, '钓鱼岛', 0, 1);

-- --------------------------------------------------------

--
-- 表的结构 `db_terms`
--

CREATE TABLE IF NOT EXISTS `db_terms` (
  `term_id` int(11) unsigned NOT NULL,
  `total_amount` int(11) unsigned NOT NULL DEFAULT '0',
  `current_amount` int(11) unsigned NOT NULL DEFAULT '0',
  `lucky_num` int(11) unsigned NOT NULL DEFAULT '0',
  `start_time` timestamp NOT NULL DEFAULT CURRENT_TIMESTAMP,
  `open_time` timestamp NOT NULL DEFAULT '0000-00-00 00:00:00',
  `is_open` tinyint(1) NOT NULL DEFAULT '0',
  `is_quick` tinyint(1) NOT NULL DEFAULT '0',
  `money_limit` int(11) NOT NULL DEFAULT '1',
  `product_title` varchar(255) NOT NULL DEFAULT '',
  `product_image` varchar(255) NOT NULL DEFAULT '',
  `product_price` decimal(20,2) NOT NULL DEFAULT '0.00',
  `lucky_order` int(11) unsigned NOT NULL DEFAULT '0'
) ENGINE=InnoDB AUTO_INCREMENT=4 DEFAULT CHARSET=utf8;

--
-- 转存表中的数据 `db_terms`
--

INSERT INTO `db_terms` (`term_id`, `total_amount`, `current_amount`, `lucky_num`, `start_time`, `open_time`, `is_open`, `is_quick`, `money_limit`, `product_title`, `product_image`, `product_price`, `lucky_order`) VALUES
(1, 12, 12, 100001010, '2016-09-03 02:58:41', '2016-09-03 11:13:14', 1, 0, 1, '阿斯顿赶到', 'http://dev.cookabuy.com/group1/M00/02/C2/wKgL6FfJU6CAabP3AAimqgcmM9w45.file', 12.00, 0),
(2, 12, 6, 0, '2016-09-03 02:59:42', '0000-00-00 00:00:00', 0, 0, 1, '阿斯顿赶到', 'http://dev.cookabuy.com/group1/M00/02/C2/wKgL6FfJU6CAabP3AAimqgcmM9w45.file', 12.00, 0),
(3, 12, 12, 100002015, '2016-09-03 03:00:39', '2016-09-03 08:44:32', 1, 1, 4, '阿斯顿赶到', 'http://dev.cookabuy.com/group1/M00/02/C2/wKgL6FfJU6CAabP3AAimqgcmM9w45.file', 12.00, 0);

-- --------------------------------------------------------

--
-- 表的结构 `db_users`
--

CREATE TABLE IF NOT EXISTS `db_users` (
  `user_id` int(11) unsigned NOT NULL,
  `parent_id` int(11) unsigned NOT NULL DEFAULT '0',
  `password` varchar(255) NOT NULL
) ENGINE=InnoDB AUTO_INCREMENT=2 DEFAULT CHARSET=utf8 COMMENT='user table for login and regist';

--
-- 转存表中的数据 `db_users`
--

INSERT INTO `db_users` (`user_id`, `parent_id`, `password`) VALUES
(1, 0, 'U1w8VcV+hnZKoyHUto9UOQqdKEXwBstlJYQPitaEb4k=');

-- --------------------------------------------------------

--
-- 表的结构 `db_user_invited_link`
--

CREATE TABLE IF NOT EXISTS `db_user_invited_link` (
  `link_id` int(11) unsigned NOT NULL,
  `user_id` int(11) unsigned NOT NULL,
  `invited_id` int(11) unsigned NOT NULL
) ENGINE=InnoDB DEFAULT CHARSET=utf8;

-- --------------------------------------------------------

--
-- 表的结构 `db_user_product_trace_link`
--

CREATE TABLE IF NOT EXISTS `db_user_product_trace_link` (
  `product_id` int(11) unsigned NOT NULL,
  `user_id` int(11) unsigned NOT NULL,
  `timestamp` timestamp NOT NULL DEFAULT CURRENT_TIMESTAMP ON UPDATE CURRENT_TIMESTAMP,
  `count` int(11) unsigned NOT NULL DEFAULT '1'
) ENGINE=InnoDB DEFAULT CHARSET=utf8;

-- --------------------------------------------------------

--
-- 表的结构 `db_user_profiles`
--

CREATE TABLE IF NOT EXISTS `db_user_profiles` (
  `profile_id` int(11) unsigned NOT NULL,
  `user_id` int(11) unsigned NOT NULL,
  `image` varchar(255) NOT NULL DEFAULT '',
  `phone` varchar(32) NOT NULL DEFAULT '',
  `name` varchar(255) NOT NULL DEFAULT '',
  `login_count` smallint(5) NOT NULL DEFAULT '0',
  `regist_time` timestamp NOT NULL DEFAULT CURRENT_TIMESTAMP,
  `is_active` tinyint(1) NOT NULL DEFAULT '1',
  `email` varchar(255) NOT NULL DEFAULT '',
  `nick_name` varchar(255) NOT NULL DEFAULT ''
) ENGINE=InnoDB AUTO_INCREMENT=2 DEFAULT CHARSET=utf8 COMMENT='user_profile';

--
-- 转存表中的数据 `db_user_profiles`
--

INSERT INTO `db_user_profiles` (`profile_id`, `user_id`, `image`, `phone`, `name`, `login_count`, `regist_time`, `is_active`, `email`, `nick_name`) VALUES
(1, 1, '', '', '', 0, '2016-03-18 05:43:56', 1, 'cookabuy@163.com', '');

-- --------------------------------------------------------

--
-- 表的结构 `db_user_role_link`
--

CREATE TABLE IF NOT EXISTS `db_user_role_link` (
  `user_id` int(11) unsigned NOT NULL,
  `role_id` int(11) unsigned NOT NULL
) ENGINE=InnoDB DEFAULT CHARSET=utf8 COMMENT='user role link table';

--
-- 转存表中的数据 `db_user_role_link`
--

INSERT INTO `db_user_role_link` (`user_id`, `role_id`) VALUES
(1, 1);

-- --------------------------------------------------------

--
-- 表的结构 `db_user_show_image_link`
--

CREATE TABLE IF NOT EXISTS `db_user_show_image_link` (
  `link_id` int(11) unsigned NOT NULL,
  `show_id` int(11) unsigned NOT NULL,
  `image_url` varchar(255) NOT NULL
) ENGINE=InnoDB DEFAULT CHARSET=utf8;

-- --------------------------------------------------------

--
-- 表的结构 `db_user_show_list`
--

CREATE TABLE IF NOT EXISTS `db_user_show_list` (
  `show_id` int(11) unsigned NOT NULL,
  `user_id` int(11) unsigned NOT NULL,
  `order_id` int(11) unsigned NOT NULL DEFAULT '0',
  `title` int(11) unsigned NOT NULL DEFAULT '0',
  `time` timestamp NOT NULL DEFAULT CURRENT_TIMESTAMP,
  `is_active` tinyint(1) NOT NULL DEFAULT '1',
  `product_title` varchar(255) NOT NULL DEFAULT '',
  `product_image` varchar(255) NOT NULL DEFAULT '',
  `product_price` decimal(20,2) NOT NULL DEFAULT '0.00'
) ENGINE=InnoDB DEFAULT CHARSET=utf8;

-- --------------------------------------------------------

--
-- 表的结构 `db_withdraw`
--

CREATE TABLE IF NOT EXISTS `db_withdraw` (
  `withdraw_id` int(11) unsigned NOT NULL,
  `withdraw_serialNum` varchar(255) NOT NULL DEFAULT '' COMMENT 'withdraw serial number',
  `account_id` int(11) unsigned NOT NULL,
  `account_type` tinyint(4) NOT NULL,
  `account_num` varchar(255) NOT NULL,
  `money` decimal(20,2) NOT NULL DEFAULT '0.00',
  `handling_charge` decimal(20,2) NOT NULL DEFAULT '0.00',
  `apply_time` timestamp NOT NULL DEFAULT CURRENT_TIMESTAMP,
  `deal_time` timestamp NOT NULL DEFAULT '0000-00-00 00:00:00',
  `operator` varchar(255) NOT NULL DEFAULT '',
  `remittance_num` varchar(255) NOT NULL DEFAULT '',
  `evidence_url` varchar(255) NOT NULL DEFAULT '',
  `reject_reason` varchar(255) NOT NULL DEFAULT '',
  `status` tinyint(4) NOT NULL DEFAULT '1' COMMENT '1check pending 2:success 3:reject'
) ENGINE=InnoDB DEFAULT CHARSET=utf8 COMMENT='withdraw table';

--
-- Indexes for dumped tables
--

--
-- Indexes for table `db_announcements`
--
ALTER TABLE `db_announcements`
  ADD PRIMARY KEY (`message_id`);

--
-- Indexes for table `db_announcement_receiver`
--
ALTER TABLE `db_announcement_receiver`
  ADD KEY `message_id` (`message_id`);

--
-- Indexes for table `db_announcement_user_link`
--
ALTER TABLE `db_announcement_user_link`
  ADD PRIMARY KEY (`message_id`,`user_id`);

--
-- Indexes for table `db_balance_log`
--
ALTER TABLE `db_balance_log`
  ADD PRIMARY KEY (`log_id`),
  ADD KEY `account_id` (`account_id`),
  ADD KEY `log_id` (`log_id`,`type`);

--
-- Indexes for table `db_banks`
--
ALTER TABLE `db_banks`
  ADD PRIMARY KEY (`bank_id`);

--
-- Indexes for table `db_cart_items`
--
ALTER TABLE `db_cart_items`
  ADD PRIMARY KEY (`item_id`),
  ADD KEY `user_id` (`user_id`,`product_id`),
  ADD KEY `product_id` (`product_id`);

--
-- Indexes for table `db_categories`
--
ALTER TABLE `db_categories`
  ADD PRIMARY KEY (`category_id`);

--
-- Indexes for table `db_cities`
--
ALTER TABLE `db_cities`
  ADD PRIMARY KEY (`city_id`);

--
-- Indexes for table `db_countries`
--
ALTER TABLE `db_countries`
  ADD PRIMARY KEY (`country_id`);

--
-- Indexes for table `db_deliver_addrs`
--
ALTER TABLE `db_deliver_addrs`
  ADD PRIMARY KEY (`deliverAddr_id`),
  ADD KEY `user_id` (`user_id`);

--
-- Indexes for table `db_financial_account`
--
ALTER TABLE `db_financial_account`
  ADD PRIMARY KEY (`account_id`),
  ADD KEY `user_id` (`user_id`);

--
-- Indexes for table `db_login_history`
--
ALTER TABLE `db_login_history`
  ADD PRIMARY KEY (`history_id`),
  ADD KEY `user_id` (`user_id`);

--
-- Indexes for table `db_oauth_login`
--
ALTER TABLE `db_oauth_login`
  ADD PRIMARY KEY (`login_id`),
  ADD KEY `user_id` (`user_id`);

--
-- Indexes for table `db_orders`
--
ALTER TABLE `db_orders`
  ADD PRIMARY KEY (`order_id`),
  ADD KEY `order_serialNum` (`order_serialNum`),
  ADD KEY `term_id` (`term_id`),
  ADD KEY `user_id` (`user_id`);

--
-- Indexes for table `db_order_numbers`
--
ALTER TABLE `db_order_numbers`
  ADD PRIMARY KEY (`number_id`),
  ADD KEY `user_id` (`user_id`,`is_lucky_number`,`number`),
  ADD KEY `term_id` (`term_id`),
  ADD KEY `order_id` (`order_id`);

--
-- Indexes for table `db_payments`
--
ALTER TABLE `db_payments`
  ADD PRIMARY KEY (`payment_id`);

--
-- Indexes for table `db_payment_orders`
--
ALTER TABLE `db_payment_orders`
  ADD PRIMARY KEY (`payment_order_id`),
  ADD KEY `user_id` (`user_id`);

--
-- Indexes for table `db_permissions`
--
ALTER TABLE `db_permissions`
  ADD PRIMARY KEY (`permission_id`);

--
-- Indexes for table `db_products`
--
ALTER TABLE `db_products`
  ADD PRIMARY KEY (`product_id`);

--
-- Indexes for table `db_products_categories_link`
--
ALTER TABLE `db_products_categories_link`
  ADD PRIMARY KEY (`product_id`,`category_id`),
  ADD KEY `product_id` (`product_id`),
  ADD KEY `category_id` (`category_id`);

--
-- Indexes for table `db_product_images_link`
--
ALTER TABLE `db_product_images_link`
  ADD PRIMARY KEY (`link_id`),
  ADD KEY `product_id` (`product_id`);

--
-- Indexes for table `db_regions`
--
ALTER TABLE `db_regions`
  ADD PRIMARY KEY (`region_id`);

--
-- Indexes for table `db_roles`
--
ALTER TABLE `db_roles`
  ADD PRIMARY KEY (`role_id`);

--
-- Indexes for table `db_role_permission_link`
--
ALTER TABLE `db_role_permission_link`
  ADD PRIMARY KEY (`role_id`,`permission_id`),
  ADD KEY `permission_id` (`permission_id`);

--
-- Indexes for table `db_states`
--
ALTER TABLE `db_states`
  ADD PRIMARY KEY (`state_id`);

--
-- Indexes for table `db_terms`
--
ALTER TABLE `db_terms`
  ADD PRIMARY KEY (`term_id`);

--
-- Indexes for table `db_users`
--
ALTER TABLE `db_users`
  ADD PRIMARY KEY (`user_id`);

--
-- Indexes for table `db_user_invited_link`
--
ALTER TABLE `db_user_invited_link`
  ADD PRIMARY KEY (`link_id`);

--
-- Indexes for table `db_user_product_trace_link`
--
ALTER TABLE `db_user_product_trace_link`
  ADD PRIMARY KEY (`product_id`,`user_id`),
  ADD KEY `user_id` (`user_id`);

--
-- Indexes for table `db_user_profiles`
--
ALTER TABLE `db_user_profiles`
  ADD PRIMARY KEY (`profile_id`),
  ADD KEY `user_id` (`user_id`);

--
-- Indexes for table `db_user_role_link`
--
ALTER TABLE `db_user_role_link`
  ADD PRIMARY KEY (`role_id`,`user_id`),
  ADD KEY `user_id` (`user_id`);

--
-- Indexes for table `db_user_show_image_link`
--
ALTER TABLE `db_user_show_image_link`
  ADD PRIMARY KEY (`link_id`),
  ADD KEY `show_id` (`show_id`);

--
-- Indexes for table `db_user_show_list`
--
ALTER TABLE `db_user_show_list`
  ADD PRIMARY KEY (`show_id`),
  ADD KEY `user_id` (`user_id`),
  ADD KEY `order_id` (`order_id`);

--
-- Indexes for table `db_withdraw`
--
ALTER TABLE `db_withdraw`
  ADD PRIMARY KEY (`withdraw_id`),
  ADD KEY `account_id` (`account_id`);

--
-- AUTO_INCREMENT for dumped tables
--

--
-- AUTO_INCREMENT for table `db_announcements`
--
ALTER TABLE `db_announcements`
  MODIFY `message_id` int(11) unsigned NOT NULL AUTO_INCREMENT;
--
-- AUTO_INCREMENT for table `db_balance_log`
--
ALTER TABLE `db_balance_log`
  MODIFY `log_id` int(11) unsigned NOT NULL AUTO_INCREMENT;
--
-- AUTO_INCREMENT for table `db_banks`
--
ALTER TABLE `db_banks`
  MODIFY `bank_id` int(11) unsigned NOT NULL AUTO_INCREMENT;
--
-- AUTO_INCREMENT for table `db_cart_items`
--
ALTER TABLE `db_cart_items`
  MODIFY `item_id` int(11) unsigned NOT NULL AUTO_INCREMENT;
--
-- AUTO_INCREMENT for table `db_categories`
--
ALTER TABLE `db_categories`
  MODIFY `category_id` int(11) unsigned NOT NULL AUTO_INCREMENT,AUTO_INCREMENT=15;
--
-- AUTO_INCREMENT for table `db_cities`
--
ALTER TABLE `db_cities`
  MODIFY `city_id` int(11) unsigned NOT NULL AUTO_INCREMENT,AUTO_INCREMENT=8204;
--
-- AUTO_INCREMENT for table `db_countries`
--
ALTER TABLE `db_countries`
  MODIFY `country_id` int(11) unsigned NOT NULL AUTO_INCREMENT,AUTO_INCREMENT=2;
--
-- AUTO_INCREMENT for table `db_deliver_addrs`
--
ALTER TABLE `db_deliver_addrs`
  MODIFY `deliverAddr_id` int(11) unsigned NOT NULL AUTO_INCREMENT;
--
-- AUTO_INCREMENT for table `db_financial_account`
--
ALTER TABLE `db_financial_account`
  MODIFY `account_id` int(11) unsigned NOT NULL AUTO_INCREMENT,AUTO_INCREMENT=2;
--
-- AUTO_INCREMENT for table `db_login_history`
--
ALTER TABLE `db_login_history`
  MODIFY `history_id` int(11) unsigned NOT NULL AUTO_INCREMENT,AUTO_INCREMENT=4;
--
-- AUTO_INCREMENT for table `db_oauth_login`
--
ALTER TABLE `db_oauth_login`
  MODIFY `login_id` int(11) unsigned NOT NULL AUTO_INCREMENT;
--
-- AUTO_INCREMENT for table `db_orders`
--
ALTER TABLE `db_orders`
  MODIFY `order_id` int(11) unsigned NOT NULL AUTO_INCREMENT,AUTO_INCREMENT=4;
--
-- AUTO_INCREMENT for table `db_order_numbers`
--
ALTER TABLE `db_order_numbers`
  MODIFY `number_id` int(11) unsigned NOT NULL AUTO_INCREMENT,AUTO_INCREMENT=14;
--
-- AUTO_INCREMENT for table `db_payments`
--
ALTER TABLE `db_payments`
  MODIFY `payment_id` int(11) unsigned NOT NULL AUTO_INCREMENT;
--
-- AUTO_INCREMENT for table `db_payment_orders`
--
ALTER TABLE `db_payment_orders`
  MODIFY `payment_order_id` int(11) unsigned NOT NULL AUTO_INCREMENT;
--
-- AUTO_INCREMENT for table `db_permissions`
--
ALTER TABLE `db_permissions`
  MODIFY `permission_id` int(11) unsigned NOT NULL AUTO_INCREMENT,AUTO_INCREMENT=6;
--
-- AUTO_INCREMENT for table `db_products`
--
ALTER TABLE `db_products`
  MODIFY `product_id` int(11) unsigned NOT NULL AUTO_INCREMENT,AUTO_INCREMENT=3;
--
-- AUTO_INCREMENT for table `db_product_images_link`
--
ALTER TABLE `db_product_images_link`
  MODIFY `link_id` int(11) unsigned NOT NULL AUTO_INCREMENT,AUTO_INCREMENT=4;
--
-- AUTO_INCREMENT for table `db_regions`
--
ALTER TABLE `db_regions`
  MODIFY `region_id` int(11) unsigned NOT NULL AUTO_INCREMENT,AUTO_INCREMENT=820302;
--
-- AUTO_INCREMENT for table `db_roles`
--
ALTER TABLE `db_roles`
  MODIFY `role_id` int(11) unsigned NOT NULL AUTO_INCREMENT,AUTO_INCREMENT=3;
--
-- AUTO_INCREMENT for table `db_states`
--
ALTER TABLE `db_states`
  MODIFY `state_id` int(11) unsigned NOT NULL AUTO_INCREMENT,AUTO_INCREMENT=91;
--
-- AUTO_INCREMENT for table `db_terms`
--
ALTER TABLE `db_terms`
  MODIFY `term_id` int(11) unsigned NOT NULL AUTO_INCREMENT,AUTO_INCREMENT=4;
--
-- AUTO_INCREMENT for table `db_users`
--
ALTER TABLE `db_users`
  MODIFY `user_id` int(11) unsigned NOT NULL AUTO_INCREMENT,AUTO_INCREMENT=2;
--
-- AUTO_INCREMENT for table `db_user_invited_link`
--
ALTER TABLE `db_user_invited_link`
  MODIFY `link_id` int(11) unsigned NOT NULL AUTO_INCREMENT;
--
-- AUTO_INCREMENT for table `db_user_profiles`
--
ALTER TABLE `db_user_profiles`
  MODIFY `profile_id` int(11) unsigned NOT NULL AUTO_INCREMENT,AUTO_INCREMENT=2;
--
-- AUTO_INCREMENT for table `db_user_show_image_link`
--
ALTER TABLE `db_user_show_image_link`
  MODIFY `link_id` int(11) unsigned NOT NULL AUTO_INCREMENT;
--
-- AUTO_INCREMENT for table `db_user_show_list`
--
ALTER TABLE `db_user_show_list`
  MODIFY `show_id` int(11) unsigned NOT NULL AUTO_INCREMENT;
--
-- AUTO_INCREMENT for table `db_withdraw`
--
ALTER TABLE `db_withdraw`
  MODIFY `withdraw_id` int(11) unsigned NOT NULL AUTO_INCREMENT;
--
-- 限制导出的表
--

--
-- 限制表 `db_announcement_receiver`
--
ALTER TABLE `db_announcement_receiver`
  ADD CONSTRAINT `db_announcement_receiver_ibfk_1` FOREIGN KEY (`message_id`) REFERENCES `db_announcements` (`message_id`) ON DELETE CASCADE ON UPDATE CASCADE;

--
-- 限制表 `db_balance_log`
--
ALTER TABLE `db_balance_log`
  ADD CONSTRAINT `db_balance_log_ibfk_1` FOREIGN KEY (`account_id`) REFERENCES `db_financial_account` (`account_id`) ON DELETE CASCADE ON UPDATE CASCADE;

--
-- 限制表 `db_cart_items`
--
ALTER TABLE `db_cart_items`
  ADD CONSTRAINT `db_cart_items_ibfk_1` FOREIGN KEY (`user_id`) REFERENCES `db_users` (`user_id`) ON DELETE CASCADE ON UPDATE CASCADE,
  ADD CONSTRAINT `db_cart_items_ibfk_2` FOREIGN KEY (`product_id`) REFERENCES `db_products` (`product_id`) ON DELETE CASCADE ON UPDATE CASCADE;

--
-- 限制表 `db_financial_account`
--
ALTER TABLE `db_financial_account`
  ADD CONSTRAINT `db_financial_account_ibfk_1` FOREIGN KEY (`user_id`) REFERENCES `db_users` (`user_id`) ON DELETE CASCADE ON UPDATE CASCADE;

--
-- 限制表 `db_login_history`
--
ALTER TABLE `db_login_history`
  ADD CONSTRAINT `db_login_history_ibfk_1` FOREIGN KEY (`user_id`) REFERENCES `db_users` (`user_id`) ON DELETE CASCADE ON UPDATE CASCADE;

--
-- 限制表 `db_oauth_login`
--
ALTER TABLE `db_oauth_login`
  ADD CONSTRAINT `db_oauth_login_ibfk_1` FOREIGN KEY (`user_id`) REFERENCES `db_users` (`user_id`) ON DELETE CASCADE ON UPDATE CASCADE;

--
-- 限制表 `db_orders`
--
ALTER TABLE `db_orders`
  ADD CONSTRAINT `db_orders_ibfk_2` FOREIGN KEY (`term_id`) REFERENCES `db_terms` (`term_id`) ON DELETE CASCADE ON UPDATE CASCADE,
  ADD CONSTRAINT `db_orders_ibfk_3` FOREIGN KEY (`user_id`) REFERENCES `db_users` (`user_id`) ON DELETE CASCADE ON UPDATE CASCADE;

--
-- 限制表 `db_order_numbers`
--
ALTER TABLE `db_order_numbers`
  ADD CONSTRAINT `db_order_numbers_ibfk_1` FOREIGN KEY (`term_id`) REFERENCES `db_terms` (`term_id`) ON DELETE CASCADE ON UPDATE CASCADE,
  ADD CONSTRAINT `db_order_numbers_ibfk_2` FOREIGN KEY (`order_id`) REFERENCES `db_orders` (`order_id`) ON DELETE CASCADE ON UPDATE CASCADE,
  ADD CONSTRAINT `db_order_numbers_ibfk_3` FOREIGN KEY (`user_id`) REFERENCES `db_users` (`user_id`) ON DELETE CASCADE ON UPDATE CASCADE;

--
-- 限制表 `db_payment_orders`
--
ALTER TABLE `db_payment_orders`
  ADD CONSTRAINT `db_payment_orders_ibfk_1` FOREIGN KEY (`user_id`) REFERENCES `db_users` (`user_id`) ON DELETE CASCADE ON UPDATE CASCADE;

--
-- 限制表 `db_products_categories_link`
--
ALTER TABLE `db_products_categories_link`
  ADD CONSTRAINT `db_products_categories_link_ibfk_1` FOREIGN KEY (`product_id`) REFERENCES `db_products` (`product_id`) ON DELETE CASCADE ON UPDATE CASCADE,
  ADD CONSTRAINT `db_products_categories_link_ibfk_2` FOREIGN KEY (`category_id`) REFERENCES `db_categories` (`category_id`) ON DELETE CASCADE ON UPDATE CASCADE;

--
-- 限制表 `db_product_images_link`
--
ALTER TABLE `db_product_images_link`
  ADD CONSTRAINT `db_product_images_link_ibfk_1` FOREIGN KEY (`product_id`) REFERENCES `db_products` (`product_id`) ON DELETE CASCADE ON UPDATE CASCADE;

--
-- 限制表 `db_role_permission_link`
--
ALTER TABLE `db_role_permission_link`
  ADD CONSTRAINT `db_role_permission_link_ibfk_1` FOREIGN KEY (`permission_id`) REFERENCES `db_permissions` (`permission_id`) ON DELETE CASCADE ON UPDATE CASCADE,
  ADD CONSTRAINT `db_role_permission_link_ibfk_2` FOREIGN KEY (`role_id`) REFERENCES `db_roles` (`role_id`) ON DELETE CASCADE ON UPDATE CASCADE;

--
-- 限制表 `db_user_product_trace_link`
--
ALTER TABLE `db_user_product_trace_link`
  ADD CONSTRAINT `db_user_product_trace_link_ibfk_1` FOREIGN KEY (`product_id`) REFERENCES `db_products` (`product_id`) ON DELETE CASCADE ON UPDATE CASCADE,
  ADD CONSTRAINT `db_user_product_trace_link_ibfk_2` FOREIGN KEY (`user_id`) REFERENCES `db_users` (`user_id`) ON DELETE CASCADE ON UPDATE CASCADE;

--
-- 限制表 `db_user_profiles`
--
ALTER TABLE `db_user_profiles`
  ADD CONSTRAINT `db_user_profiles_ibfk_1` FOREIGN KEY (`user_id`) REFERENCES `db_users` (`user_id`) ON DELETE CASCADE ON UPDATE CASCADE;

--
-- 限制表 `db_user_role_link`
--
ALTER TABLE `db_user_role_link`
  ADD CONSTRAINT `db_user_role_link_ibfk_1` FOREIGN KEY (`user_id`) REFERENCES `db_users` (`user_id`) ON DELETE CASCADE ON UPDATE CASCADE,
  ADD CONSTRAINT `db_user_role_link_ibfk_2` FOREIGN KEY (`role_id`) REFERENCES `db_roles` (`role_id`) ON DELETE CASCADE ON UPDATE CASCADE;

--
-- 限制表 `db_user_show_image_link`
--
ALTER TABLE `db_user_show_image_link`
  ADD CONSTRAINT `db_user_show_image_link_ibfk_1` FOREIGN KEY (`show_id`) REFERENCES `db_user_show_list` (`show_id`) ON DELETE CASCADE ON UPDATE CASCADE;

--
-- 限制表 `db_user_show_list`
--
ALTER TABLE `db_user_show_list`
  ADD CONSTRAINT `db_user_show_list_ibfk_2` FOREIGN KEY (`user_id`) REFERENCES `db_users` (`user_id`) ON DELETE CASCADE ON UPDATE CASCADE,
  ADD CONSTRAINT `db_user_show_list_ibfk_3` FOREIGN KEY (`order_id`) REFERENCES `db_orders` (`order_id`) ON DELETE CASCADE ON UPDATE CASCADE;

--
-- 限制表 `db_withdraw`
--
ALTER TABLE `db_withdraw`
  ADD CONSTRAINT `db_withdraw_ibfk_1` FOREIGN KEY (`account_id`) REFERENCES `db_financial_account` (`account_id`) ON DELETE CASCADE ON UPDATE CASCADE;
set foreign_key_checks=1;
